crime_count,MONTH,HOUR,DAY_OF_WEEK,percent_difference
141,1,0,Friday,-0.31598864470357987447
95,1,0,Monday,-0.53914128543858218492
146,1,0,Saturday,-0.29173292288455788420
245,1,0,Sunday,0.18853036913207752309
76,1,0,Thursday,-0.63131302835086574794
101,1,0,Tuesday,-0.51003441925575579660
181,1,0,Wednesday,-0.12194287015140395233
72,1,1,Friday,-0.65071760580608334015
55,1,1,Monday,-0.73318705999075810706
226,1,1,Saturday,0.09635862621979396008
195,1,1,Sunday,-0.05402684905814237958
76,1,1,Thursday,-0.63131302835086574794
68,1,1,Tuesday,-0.67012218326130093237
107,1,1,Wednesday,-0.48092755307292940828
66,1,2,Friday,-0.67982447198890972847
67,1,2,Monday,-0.67497332762510533042
91,1,2,Saturday,-0.55854586289379977714
93,1,2,Sunday,-0.54884357416619098103
40,1,2,Thursday,-0.80595422544782407786
31,1,2,Tuesday,-0.84961452472206366034
100,1,2,Wednesday,-0.51488556361956019466
27,1,3,Friday,-0.86901910217728125256
23,1,3,Monday,-0.88842367963249884477
35,1,3,Saturday,-0.83020994726684606813
94,1,3,Sunday,-0.54399242980238658298
5,1,3,Thursday,-0.97574427818097800973
8,1,3,Tuesday,-0.96119084508956481557
76,1,3,Wednesday,-0.63131302835086574794
37,1,4,Friday,-0.82050765853923727202
19,1,4,Monday,-0.90782825708771643698
54,1,4,Saturday,-0.73803820435456250511
39,1,4,Sunday,-0.81080536981162847592
2,1,4,Thursday,-0.99029771127239120389
40,1,4,Tuesday,-0.80595422544782407786
72,1,4,Wednesday,-0.65071760580608334015
6,1,5,Friday,-0.97089313381717361168
9,1,5,Monday,-0.95633970072576041752
22,1,5,Saturday,-0.89327482399630324282
79,1,5,Sunday,-0.61675959525945255378
5,1,5,Thursday,-0.97574427818097800973
7,1,5,Tuesday,-0.96604198945336921363
53,1,5,Wednesday,-0.74288934871836690317
37,1,6,Friday,-0.82050765853923727202
4,1,6,Monday,-0.98059542254478240779
20,1,6,Saturday,-0.90297711272391203893
42,1,6,Sunday,-0.79625193672021528176
40,1,6,Thursday,-0.80595422544782407786
26,1,6,Tuesday,-0.87387024654108565061
71,1,6,Wednesday,-0.65556875016988773821
41,1,7,Friday,-0.80110308108401967981
60,1,7,Monday,-0.70893133817173611679
24,1,7,Saturday,-0.88357253526869444672
22,1,7,Sunday,-0.89327482399630324282
161,1,7,Thursday,-0.21896575742749191340
26,1,7,Tuesday,-0.87387024654108565061
115,1,7,Wednesday,-0.44211839816249422385
77,1,8,Friday,-0.62646188398706134989
113,1,8,Monday,-0.45182068689010301996
24,1,8,Saturday,-0.88357253526869444672
94,1,8,Sunday,-0.54399242980238658298
97,1,8,Thursday,-0.52943899671097338882
101,1,8,Tuesday,-0.51003441925575579660
61,1,8,Wednesday,-0.70408019380793171874
80,1,9,Friday,-0.61190845089564815572
129,1,9,Monday,-0.37420237706923265111
30,1,9,Saturday,-0.85446566908586805840
25,1,9,Sunday,-0.87872139090489004866
109,1,9,Thursday,-0.47122526434532061218
103,1,9,Tuesday,-0.50033213052814700050
44,1,9,Wednesday,-0.78654964799260648565
88,1,10,Friday,-0.57309929598521297130
28,1,10,Monday,-0.86416795781347685450
76,1,10,Saturday,-0.63131302835086574794
69,1,10,Sunday,-0.66527103889749653431
117,1,10,Thursday,-0.43241610943488542775
32,1,10,Tuesday,-0.84476338035825926229
118,1,10,Wednesday,-0.42756496507108102969
139,1,11,Friday,-0.32569093343118867057
165,1,11,Monday,-0.19956117997227432118
64,1,11,Saturday,-0.68952676071651852458
94,1,11,Sunday,-0.54399242980238658298
95,1,11,Thursday,-0.53914128543858218492
56,1,11,Tuesday,-0.72833591562695370901
72,1,11,Wednesday,-0.65071760580608334015
62,1,12,Friday,-0.69922904944412732069
57,1,12,Monday,-0.72348477126314931095
53,1,12,Saturday,-0.74288934871836690317
78,1,12,Sunday,-0.62161073962325695183
115,1,12,Thursday,-0.44211839816249422385
54,1,12,Tuesday,-0.73803820435456250511
236,1,12,Wednesday,0.14487006985783794061
167,1,13,Friday,-0.18985889124466552508
105,1,13,Monday,-0.49062984180053820439
113,1,13,Saturday,-0.45182068689010301996
134,1,13,Sunday,-0.34994665525021066084
85,1,13,Thursday,-0.58765272907662616546
95,1,13,Tuesday,-0.53914128543858218492
119,1,13,Wednesday,-0.42271382070727663164
155,1,14,Friday,-0.24807262361031830172
96,1,14,Monday,-0.53429014107477778687
147,1,14,Saturday,-0.28688177852075348614
86,1,14,Sunday,-0.58280158471282176740
154,1,14,Thursday,-0.25292376797412269977
111,1,14,Tuesday,-0.46152297561771181607
110,1,14,Wednesday,-0.46637411998151621412
134,1,15,Friday,-0.34994665525021066084
46,1,15,Monday,-0.77684735926499768954
115,1,15,Saturday,-0.44211839816249422385
89,1,15,Sunday,-0.56824815162140857324
125,1,15,Thursday,-0.39360695452445024332
87,1,15,Tuesday,-0.57795044034901736935
102,1,15,Wednesday,-0.50518327489195139855
160,1,16,Friday,-0.22381690179129631145
98,1,16,Monday,-0.52458785234716899076
69,1,16,Saturday,-0.66527103889749653431
136,1,16,Sunday,-0.34024436652260186473
104,1,16,Thursday,-0.49548098616434260244
141,1,16,Tuesday,-0.31598864470357987447
122,1,16,Wednesday,-0.40816038761586343748
129,1,17,Friday,-0.37420237706923265111
114,1,17,Monday,-0.44696954252629862191
88,1,17,Saturday,-0.57309929598521297130
107,1,17,Sunday,-0.48092755307292940828
119,1,17,Thursday,-0.42271382070727663164
118,1,17,Tuesday,-0.42756496507108102969
177,1,17,Wednesday,-0.14134744760662154454
65,1,18,Friday,-0.68467561635271412653
147,1,18,Monday,-0.28688177852075348614
73,1,18,Saturday,-0.64586646144227894210
159,1,18,Sunday,-0.22866804615510070950
128,1,18,Thursday,-0.37905352143303704916
121,1,18,Tuesday,-0.41301153197966783553
100,1,18,Wednesday,-0.51488556361956019466
218,1,19,Friday,0.05754947130935877565
95,1,19,Monday,-0.53914128543858218492
145,1,19,Saturday,-0.29658406724836228225
135,1,19,Sunday,-0.34509551088640626279
156,1,19,Thursday,-0.24322147924651390366
68,1,19,Tuesday,-0.67012218326130093237
119,1,19,Wednesday,-0.42271382070727663164
101,1,20,Friday,-0.51003441925575579660
135,1,20,Monday,-0.34509551088640626279
111,1,20,Saturday,-0.46152297561771181607
121,1,20,Sunday,-0.41301153197966783553
121,1,20,Thursday,-0.41301153197966783553
74,1,20,Tuesday,-0.64101531707847454405
150,1,20,Wednesday,-0.27232834542934029198
116,1,21,Friday,-0.43726725379868982580
83,1,21,Monday,-0.59735501780423496156
113,1,21,Saturday,-0.45182068689010301996
89,1,21,Sunday,-0.56824815162140857324
172,1,21,Thursday,-0.16560316942564353481
54,1,21,Tuesday,-0.73803820435456250511
147,1,21,Wednesday,-0.28688177852075348614
141,1,22,Friday,-0.31598864470357987447
31,1,22,Monday,-0.84961452472206366034
151,1,22,Saturday,-0.26747720106553589393
90,1,22,Sunday,-0.56339700725760417519
85,1,22,Thursday,-0.58765272907662616546
72,1,22,Tuesday,-0.65071760580608334015
59,1,22,Wednesday,-0.71378248253554051485
95,1,23,Friday,-0.53914128543858218492
25,1,23,Monday,-0.87872139090489004866
106,1,23,Saturday,-0.48577869743673380634
37,1,23,Sunday,-0.82050765853923727202
95,1,23,Thursday,-0.53914128543858218492
48,1,23,Tuesday,-0.76714507053738889343
59,1,23,Wednesday,-0.71378248253554051485
164,2,0,Friday,-0.20441232433607871924
164,2,0,Monday,-0.20441232433607871924
262,2,0,Saturday,0.27099982331675229000
186,2,0,Sunday,-0.09768714833238196206
95,2,0,Thursday,-0.53914128543858218492
93,2,0,Tuesday,-0.54884357416619098103
29,2,0,Wednesday,-0.85931681344967245645
65,2,1,Friday,-0.68467561635271412653
61,2,1,Monday,-0.70408019380793171874
125,2,1,Saturday,-0.39360695452445024332
261,2,1,Sunday,0.26614867895294789195
5,2,1,Thursday,-0.97574427818097800973
8,2,1,Tuesday,-0.96119084508956481557
46,2,1,Wednesday,-0.77684735926499768954
29,2,2,Friday,-0.85931681344967245645
63,2,2,Monday,-0.69437790508032292263
194,2,2,Saturday,-0.05887799342194677763
131,2,2,Sunday,-0.36450008834162385500
19,2,2,Thursday,-0.90782825708771643698
39,2,2,Tuesday,-0.81080536981162847592
60,2,2,Wednesday,-0.70893133817173611679
21,2,3,Friday,-0.89812596836010764088
20,2,3,Monday,-0.90297711272391203893
149,2,3,Saturday,-0.27717948979314469004
112,2,3,Sunday,-0.45667183125390741801
22,2,3,Thursday,-0.89327482399630324282
5,2,3,Tuesday,-0.97574427818097800973
2,2,3,Wednesday,-0.99029771127239120389
22,2,4,Friday,-0.89327482399630324282
3,2,4,Monday,-0.98544656690858680584
39,2,4,Saturday,-0.81080536981162847592
41,2,4,Sunday,-0.80110308108401967981
54,2,4,Thursday,-0.73803820435456250511
36,2,4,Tuesday,-0.82535880290304167008
7,2,4,Wednesday,-0.96604198945336921363
21,2,5,Friday,-0.89812596836010764088
17,2,5,Monday,-0.91753054581532523309
5,2,5,Saturday,-0.97574427818097800973
38,2,5,Sunday,-0.81565651417543287397
2,2,5,Thursday,-0.99029771127239120389
18,2,5,Tuesday,-0.91267940145152083504
20,2,5,Wednesday,-0.90297711272391203893
89,2,6,Friday,-0.56824815162140857324
4,2,6,Monday,-0.98059542254478240779
18,2,6,Saturday,-0.91267940145152083504
18,2,6,Sunday,-0.91267940145152083504
40,2,6,Thursday,-0.80595422544782407786
20,2,6,Tuesday,-0.90297711272391203893
22,2,6,Wednesday,-0.89327482399630324282
37,2,7,Friday,-0.82050765853923727202
22,2,7,Monday,-0.89327482399630324282
5,2,7,Saturday,-0.97574427818097800973
20,2,7,Sunday,-0.90297711272391203893
24,2,7,Thursday,-0.88357253526869444672
58,2,7,Tuesday,-0.71863362689934491290
25,2,7,Wednesday,-0.87872139090489004866
76,2,8,Friday,-0.63131302835086574794
46,2,8,Monday,-0.77684735926499768954
73,2,8,Saturday,-0.64586646144227894210
57,2,8,Sunday,-0.72348477126314931095
111,2,8,Thursday,-0.46152297561771181607
95,2,8,Tuesday,-0.53914128543858218492
30,2,8,Wednesday,-0.85446566908586805840
73,2,9,Friday,-0.64586646144227894210
78,2,9,Monday,-0.62161073962325695183
59,2,9,Saturday,-0.71378248253554051485
56,2,9,Sunday,-0.72833591562695370901
9,2,9,Thursday,-0.95633970072576041752
80,2,9,Tuesday,-0.61190845089564815572
102,2,9,Wednesday,-0.50518327489195139855
35,2,10,Friday,-0.83020994726684606813
96,2,10,Monday,-0.53429014107477778687
73,2,10,Saturday,-0.64586646144227894210
45,2,10,Sunday,-0.78169850362880208760
123,2,10,Thursday,-0.40330924325205903943
84,2,10,Tuesday,-0.59250387344043056351
32,2,10,Wednesday,-0.84476338035825926229
76,2,11,Friday,-0.63131302835086574794
167,2,11,Monday,-0.18985889124466552508
29,2,11,Saturday,-0.85931681344967245645
94,2,11,Sunday,-0.54399242980238658298
31,2,11,Thursday,-0.84961452472206366034
119,2,11,Tuesday,-0.42271382070727663164
52,2,11,Wednesday,-0.74774049308217130122
43,2,12,Friday,-0.79140079235641088370
81,2,12,Monday,-0.60705730653184375767
144,2,12,Saturday,-0.30143521161216668030
72,2,12,Sunday,-0.65071760580608334015
58,2,12,Thursday,-0.71863362689934491290
138,2,12,Tuesday,-0.33054207779499306863
100,2,12,Wednesday,-0.51488556361956019466
112,2,13,Friday,-0.45667183125390741801
101,2,13,Monday,-0.51003441925575579660
52,2,13,Saturday,-0.74774049308217130122
45,2,13,Sunday,-0.78169850362880208760
82,2,13,Thursday,-0.60220616216803935962
49,2,13,Tuesday,-0.76229392617358449538
114,2,13,Wednesday,-0.44696954252629862191
86,2,14,Friday,-0.58280158471282176740
71,2,14,Monday,-0.65556875016988773821
59,2,14,Saturday,-0.71378248253554051485
67,2,14,Sunday,-0.67497332762510533042
65,2,14,Thursday,-0.68467561635271412653
17,2,14,Tuesday,-0.91753054581532523309
103,2,14,Wednesday,-0.50033213052814700050
110,2,15,Friday,-0.46637411998151621412
38,2,15,Monday,-0.81565651417543287397
98,2,15,Saturday,-0.52458785234716899076
81,2,15,Sunday,-0.60705730653184375767
36,2,15,Thursday,-0.82535880290304167008
143,2,15,Tuesday,-0.30628635597597107836
50,2,15,Wednesday,-0.75744278180978009733
136,2,16,Friday,-0.34024436652260186473
99,2,16,Monday,-0.51973670798336459271
103,2,16,Saturday,-0.50033213052814700050
71,2,16,Sunday,-0.65556875016988773821
101,2,16,Thursday,-0.51003441925575579660
131,2,16,Tuesday,-0.36450008834162385500
88,2,16,Wednesday,-0.57309929598521297130
116,2,17,Friday,-0.43726725379868982580
101,2,17,Monday,-0.51003441925575579660
89,2,17,Saturday,-0.56824815162140857324
128,2,17,Sunday,-0.37905352143303704916
71,2,17,Thursday,-0.65556875016988773821
150,2,17,Tuesday,-0.27232834542934029198
99,2,17,Wednesday,-0.51973670798336459271
41,2,18,Friday,-0.80110308108401967981
138,2,18,Monday,-0.33054207779499306863
200,2,18,Saturday,-0.02977112723912038931
79,2,18,Sunday,-0.61675959525945255378
110,2,18,Thursday,-0.46637411998151621412
177,2,18,Tuesday,-0.14134744760662154454
87,2,18,Wednesday,-0.57795044034901736935
84,2,19,Friday,-0.59250387344043056351
113,2,19,Monday,-0.45182068689010301996
100,2,19,Saturday,-0.51488556361956019466
103,2,19,Sunday,-0.50033213052814700050
147,2,19,Thursday,-0.28688177852075348614
54,2,19,Tuesday,-0.73803820435456250511
98,2,19,Wednesday,-0.52458785234716899076
64,2,20,Friday,-0.68952676071651852458
184,2,20,Monday,-0.10738943705999075817
167,2,20,Saturday,-0.18985889124466552508
166,2,20,Sunday,-0.19471003560846992313
112,2,20,Thursday,-0.45667183125390741801
131,2,20,Tuesday,-0.36450008834162385500
79,2,20,Wednesday,-0.61675959525945255378
52,2,21,Friday,-0.74774049308217130122
100,2,21,Monday,-0.51488556361956019466
83,2,21,Saturday,-0.59735501780423496156
116,2,21,Sunday,-0.43726725379868982580
46,2,21,Thursday,-0.77684735926499768954
173,2,21,Tuesday,-0.16075202506183913676
129,2,21,Wednesday,-0.37420237706923265111
66,2,22,Friday,-0.67982447198890972847
133,2,22,Monday,-0.35479779961401505889
191,2,22,Saturday,-0.07343142651335997179
100,2,22,Sunday,-0.51488556361956019466
79,2,22,Thursday,-0.61675959525945255378
100,2,22,Tuesday,-0.51488556361956019466
30,2,22,Wednesday,-0.85446566908586805840
137,2,23,Friday,-0.33539322215879746668
148,2,23,Monday,-0.28203063415694908809
191,2,23,Saturday,-0.07343142651335997179
47,2,23,Sunday,-0.77199621490119329149
121,2,23,Thursday,-0.41301153197966783553
21,2,23,Tuesday,-0.89812596836010764088
58,2,23,Wednesday,-0.71863362689934491290
69,3,0,Friday,-0.66527103889749653431
86,3,0,Monday,-0.58280158471282176740
128,3,0,Saturday,-0.37905352143303704916
190,3,0,Sunday,-0.07828257087716436985
103,3,0,Thursday,-0.50033213052814700050
94,3,0,Tuesday,-0.54399242980238658298
98,3,0,Wednesday,-0.52458785234716899076
79,3,1,Friday,-0.61675959525945255378
29,3,1,Monday,-0.85931681344967245645
93,3,1,Saturday,-0.54884357416619098103
135,3,1,Sunday,-0.34509551088640626279
112,3,1,Thursday,-0.45667183125390741801
75,3,1,Tuesday,-0.63616417271467014599
60,3,1,Wednesday,-0.70893133817173611679
69,3,2,Friday,-0.66527103889749653431
8,3,2,Monday,-0.96119084508956481557
105,3,2,Saturday,-0.49062984180053820439
161,3,2,Sunday,-0.21896575742749191340
41,3,2,Thursday,-0.80110308108401967981
26,3,2,Tuesday,-0.87387024654108565061
55,3,2,Wednesday,-0.73318705999075810706
20,3,3,Friday,-0.90297711272391203893
5,3,3,Monday,-0.97574427818097800973
79,3,3,Saturday,-0.61675959525945255378
62,3,3,Sunday,-0.69922904944412732069
27,3,3,Thursday,-0.86901910217728125256
40,3,3,Tuesday,-0.80595422544782407786
17,3,3,Wednesday,-0.91753054581532523309
2,3,4,Friday,-0.99029771127239120389
20,3,4,Monday,-0.90297711272391203893
40,3,4,Saturday,-0.80595422544782407786
27,3,4,Sunday,-0.86901910217728125256
37,3,4,Thursday,-0.82050765853923727202
8,3,4,Tuesday,-0.96119084508956481557
5,3,4,Wednesday,-0.97574427818097800973
5,3,5,Friday,-0.97574427818097800973
5,3,5,Monday,-0.97574427818097800973
39,3,5,Saturday,-0.81080536981162847592
55,3,5,Sunday,-0.73318705999075810706
20,3,5,Thursday,-0.90297711272391203893
38,3,5,Tuesday,-0.81565651417543287397
18,3,5,Wednesday,-0.91267940145152083504
23,3,6,Friday,-0.88842367963249884477
35,3,6,Monday,-0.83020994726684606813
36,3,6,Saturday,-0.82535880290304167008
37,3,6,Sunday,-0.82050765853923727202
24,3,6,Thursday,-0.88357253526869444672
53,3,6,Tuesday,-0.74288934871836690317
3,3,6,Wednesday,-0.98544656690858680584
61,3,7,Friday,-0.70408019380793171874
36,3,7,Monday,-0.82535880290304167008
27,3,7,Saturday,-0.86901910217728125256
1,3,7,Sunday,-0.99514885563619560195
59,3,7,Thursday,-0.71378248253554051485
61,3,7,Tuesday,-0.70408019380793171874
29,3,7,Wednesday,-0.85931681344967245645
45,3,8,Friday,-0.78169850362880208760
54,3,8,Monday,-0.73803820435456250511
42,3,8,Saturday,-0.79625193672021528176
25,3,8,Sunday,-0.87872139090489004866
64,3,8,Thursday,-0.68952676071651852458
48,3,8,Tuesday,-0.76714507053738889343
9,3,8,Wednesday,-0.95633970072576041752
80,3,9,Friday,-0.61190845089564815572
28,3,9,Monday,-0.86416795781347685450
26,3,9,Saturday,-0.87387024654108565061
45,3,9,Sunday,-0.78169850362880208760
93,3,9,Thursday,-0.54884357416619098103
44,3,9,Tuesday,-0.78654964799260648565
114,3,9,Wednesday,-0.44696954252629862191
116,3,10,Friday,-0.43726725379868982580
50,3,10,Monday,-0.75744278180978009733
67,3,10,Saturday,-0.67497332762510533042
59,3,10,Sunday,-0.71378248253554051485
32,3,10,Thursday,-0.84476338035825926229
113,3,10,Tuesday,-0.45182068689010301996
82,3,10,Wednesday,-0.60220616216803935962
68,3,11,Friday,-0.67012218326130093237
60,3,11,Monday,-0.70893133817173611679
64,3,11,Saturday,-0.68952676071651852458
63,3,11,Sunday,-0.69437790508032292263
52,3,11,Thursday,-0.74774049308217130122
121,3,11,Tuesday,-0.41301153197966783553
90,3,11,Wednesday,-0.56339700725760417519
151,3,12,Friday,-0.26747720106553589393
64,3,12,Monday,-0.68952676071651852458
102,3,12,Saturday,-0.50518327489195139855
77,3,12,Sunday,-0.62646188398706134989
87,3,12,Thursday,-0.57795044034901736935
183,3,12,Tuesday,-0.11224058142379515622
46,3,12,Wednesday,-0.77684735926499768954
123,3,13,Friday,-0.40330924325205903943
115,3,13,Monday,-0.44211839816249422385
116,3,13,Saturday,-0.43726725379868982580
145,3,13,Sunday,-0.29658406724836228225
65,3,13,Thursday,-0.68467561635271412653
84,3,13,Tuesday,-0.59250387344043056351
50,3,13,Wednesday,-0.75744278180978009733
31,3,14,Friday,-0.84961452472206366034
117,3,14,Monday,-0.43241610943488542775
91,3,14,Saturday,-0.55854586289379977714
26,3,14,Sunday,-0.87387024654108565061
77,3,14,Thursday,-0.62646188398706134989
53,3,14,Tuesday,-0.74288934871836690317
65,3,14,Wednesday,-0.68467561635271412653
101,3,15,Friday,-0.51003441925575579660
31,3,15,Monday,-0.84961452472206366034
69,3,15,Saturday,-0.66527103889749653431
107,3,15,Sunday,-0.48092755307292940828
89,3,15,Thursday,-0.56824815162140857324
160,3,15,Tuesday,-0.22381690179129631145
94,3,15,Wednesday,-0.54399242980238658298
176,3,16,Friday,-0.14619859197042594259
139,3,16,Monday,-0.32569093343118867057
125,3,16,Saturday,-0.39360695452445024332
110,3,16,Sunday,-0.46637411998151621412
83,3,16,Thursday,-0.59735501780423496156
171,3,16,Tuesday,-0.17045431378944793286
112,3,16,Wednesday,-0.45667183125390741801
57,3,17,Friday,-0.72348477126314931095
138,3,17,Monday,-0.33054207779499306863
115,3,17,Saturday,-0.44211839816249422385
165,3,17,Sunday,-0.19956117997227432118
174,3,17,Thursday,-0.15590088069803473870
154,3,17,Tuesday,-0.25292376797412269977
137,3,17,Wednesday,-0.33539322215879746668
68,3,18,Friday,-0.67012218326130093237
165,3,18,Monday,-0.19956117997227432118
127,3,18,Saturday,-0.38390466579684144721
85,3,18,Sunday,-0.58765272907662616546
98,3,18,Thursday,-0.52458785234716899076
188,3,18,Tuesday,-0.08798485960477316595
122,3,18,Wednesday,-0.40816038761586343748
91,3,19,Friday,-0.55854586289379977714
129,3,19,Monday,-0.37420237706923265111
152,3,19,Saturday,-0.26262605670173149588
216,3,19,Sunday,0.04784718258174997954
64,3,19,Thursday,-0.68952676071651852458
224,3,19,Tuesday,0.08665633749218516397
61,3,19,Wednesday,-0.70408019380793171874
64,3,20,Friday,-0.68952676071651852458
84,3,20,Monday,-0.59250387344043056351
110,3,20,Saturday,-0.46637411998151621412
185,3,20,Sunday,-0.10253829269618636011
89,3,20,Thursday,-0.56824815162140857324
31,3,20,Tuesday,-0.84961452472206366034
65,3,20,Wednesday,-0.68467561635271412653
88,3,21,Friday,-0.57309929598521297130
62,3,21,Monday,-0.69922904944412732069
106,3,21,Saturday,-0.48577869743673380634
73,3,21,Sunday,-0.64586646144227894210
125,3,21,Thursday,-0.39360695452445024332
218,3,21,Tuesday,0.05754947130935877565
61,3,21,Wednesday,-0.70408019380793171874
90,3,22,Friday,-0.56339700725760417519
80,3,22,Monday,-0.61190845089564815572
142,3,22,Saturday,-0.31113750033977547641
62,3,22,Sunday,-0.69922904944412732069
77,3,22,Thursday,-0.62646188398706134989
62,3,22,Tuesday,-0.69922904944412732069
64,3,22,Wednesday,-0.68952676071651852458
120,3,23,Friday,-0.41786267634347223359
38,3,23,Monday,-0.81565651417543287397
138,3,23,Saturday,-0.33054207779499306863
82,3,23,Sunday,-0.60220616216803935962
69,3,23,Thursday,-0.66527103889749653431
199,3,23,Tuesday,-0.03462227160292478737
80,3,23,Wednesday,-0.61190845089564815572
50,4,0,Friday,-0.75744278180978009733
71,4,0,Monday,-0.65556875016988773821
64,4,0,Saturday,-0.68952676071651852458
87,4,0,Sunday,-0.57795044034901736935
77,4,0,Thursday,-0.62646188398706134989
50,4,0,Tuesday,-0.75744278180978009733
104,4,0,Wednesday,-0.49548098616434260244
78,4,1,Friday,-0.62161073962325695183
27,4,1,Monday,-0.86901910217728125256
62,4,1,Saturday,-0.69922904944412732069
90,4,1,Sunday,-0.56339700725760417519
78,4,1,Thursday,-0.62161073962325695183
24,4,1,Tuesday,-0.88357253526869444672
87,4,1,Wednesday,-0.57795044034901736935
77,4,2,Friday,-0.62646188398706134989
24,4,2,Monday,-0.88357253526869444672
62,4,2,Saturday,-0.69922904944412732069
53,4,2,Sunday,-0.74288934871836690317
45,4,2,Thursday,-0.78169850362880208760
45,4,2,Tuesday,-0.78169850362880208760
7,4,2,Wednesday,-0.96604198945336921363
3,4,3,Friday,-0.98544656690858680584
39,4,3,Monday,-0.81080536981162847592
25,4,3,Saturday,-0.87872139090489004866
13,4,3,Sunday,-0.93693512327054282531
37,4,3,Thursday,-0.82050765853923727202
6,4,3,Tuesday,-0.97089313381717361168
2,4,3,Wednesday,-0.99029771127239120389
21,4,4,Friday,-0.89812596836010764088
37,4,4,Monday,-0.82050765853923727202
8,4,4,Saturday,-0.96119084508956481557
24,4,4,Sunday,-0.88357253526869444672
3,4,4,Thursday,-0.98544656690858680584
19,4,4,Tuesday,-0.90782825708771643698
53,4,4,Wednesday,-0.74288934871836690317
1,4,5,Friday,-0.99514885563619560195
14,4,5,Monday,-0.93208397890673842725
22,4,5,Saturday,-0.89327482399630324282
7,4,5,Sunday,-0.96604198945336921363
19,4,5,Thursday,-0.90782825708771643698
2,4,5,Tuesday,-0.99029771127239120389
20,4,5,Wednesday,-0.90297711272391203893
5,4,6,Friday,-0.97574427818097800973
40,4,6,Monday,-0.80595422544782407786
3,4,6,Saturday,-0.98544656690858680584
3,4,6,Sunday,-0.98544656690858680584
6,4,6,Thursday,-0.97089313381717361168
37,4,6,Tuesday,-0.82050765853923727202
18,4,6,Wednesday,-0.91267940145152083504
40,4,7,Friday,-0.80595422544782407786
37,4,7,Monday,-0.82050765853923727202
5,4,7,Saturday,-0.97574427818097800973
26,4,7,Sunday,-0.87387024654108565061
29,4,7,Thursday,-0.85931681344967245645
25,4,7,Tuesday,-0.87872139090489004866
39,4,7,Wednesday,-0.81080536981162847592
45,4,8,Friday,-0.78169850362880208760
44,4,8,Monday,-0.78654964799260648565
43,4,8,Saturday,-0.79140079235641088370
21,4,8,Sunday,-0.89812596836010764088
47,4,8,Thursday,-0.77199621490119329149
42,4,8,Tuesday,-0.79625193672021528176
44,4,8,Wednesday,-0.78654964799260648565
21,4,9,Friday,-0.89812596836010764088
74,4,9,Monday,-0.64101531707847454405
61,4,9,Saturday,-0.70408019380793171874
58,4,9,Sunday,-0.71863362689934491290
35,4,9,Thursday,-0.83020994726684606813
28,4,9,Tuesday,-0.86416795781347685450
34,4,9,Wednesday,-0.83506109163065046618
60,4,10,Friday,-0.70893133817173611679
72,4,10,Monday,-0.65071760580608334015
48,4,10,Saturday,-0.76714507053738889343
88,4,10,Sunday,-0.57309929598521297130
65,4,10,Thursday,-0.68467561635271412653
24,4,10,Tuesday,-0.88357253526869444672
79,4,10,Wednesday,-0.61675959525945255378
22,4,11,Friday,-0.89327482399630324282
64,4,11,Monday,-0.68952676071651852458
50,4,11,Saturday,-0.75744278180978009733
77,4,11,Sunday,-0.62646188398706134989
106,4,11,Thursday,-0.48577869743673380634
82,4,11,Tuesday,-0.60220616216803935962
72,4,11,Wednesday,-0.65071760580608334015
81,4,12,Friday,-0.60705730653184375767
24,4,12,Monday,-0.88357253526869444672
53,4,12,Saturday,-0.74288934871836690317
124,4,12,Sunday,-0.39845809888825464137
92,4,12,Thursday,-0.55369471852999537908
92,4,12,Tuesday,-0.55369471852999537908
119,4,12,Wednesday,-0.42271382070727663164
73,4,13,Friday,-0.64586646144227894210
30,4,13,Monday,-0.85446566908586805840
80,4,13,Saturday,-0.61190845089564815572
29,4,13,Sunday,-0.85931681344967245645
46,4,13,Thursday,-0.77684735926499768954
43,4,13,Tuesday,-0.79140079235641088370
67,4,13,Wednesday,-0.67497332762510533042
54,4,14,Friday,-0.73803820435456250511
74,4,14,Monday,-0.64101531707847454405
70,4,14,Saturday,-0.66041989453369213626
71,4,14,Sunday,-0.65556875016988773821
58,4,14,Thursday,-0.71863362689934491290
80,4,14,Tuesday,-0.61190845089564815572
87,4,14,Wednesday,-0.57795044034901736935
39,4,15,Friday,-0.81080536981162847592
92,4,15,Monday,-0.55369471852999537908
100,4,15,Saturday,-0.51488556361956019466
87,4,15,Sunday,-0.57795044034901736935
141,4,15,Thursday,-0.31598864470357987447
44,4,15,Tuesday,-0.78654964799260648565
121,4,15,Wednesday,-0.41301153197966783553
52,4,16,Friday,-0.74774049308217130122
128,4,16,Monday,-0.37905352143303704916
89,4,16,Saturday,-0.56824815162140857324
70,4,16,Sunday,-0.66041989453369213626
100,4,16,Thursday,-0.51488556361956019466
67,4,16,Tuesday,-0.67497332762510533042
208,4,16,Wednesday,0.00903802767131479512
70,4,17,Friday,-0.66041989453369213626
38,4,17,Monday,-0.81565651417543287397
64,4,17,Saturday,-0.68952676071651852458
96,4,17,Sunday,-0.53429014107477778687
202,4,17,Thursday,-0.02006883851151159321
108,4,17,Tuesday,-0.47607640870912501023
169,4,17,Wednesday,-0.18015660251705672897
85,4,18,Friday,-0.58765272907662616546
85,4,18,Monday,-0.58765272907662616546
42,4,18,Saturday,-0.79625193672021528176
53,4,18,Sunday,-0.74288934871836690317
84,4,18,Thursday,-0.59250387344043056351
94,4,18,Tuesday,-0.54399242980238658298
69,4,18,Wednesday,-0.66527103889749653431
59,4,19,Friday,-0.71378248253554051485
68,4,19,Monday,-0.67012218326130093237
91,4,19,Saturday,-0.55854586289379977714
68,4,19,Sunday,-0.67012218326130093237
129,4,19,Thursday,-0.37420237706923265111
57,4,19,Tuesday,-0.72348477126314931095
121,4,19,Wednesday,-0.41301153197966783553
55,4,20,Friday,-0.73318705999075810706
63,4,20,Monday,-0.69437790508032292263
92,4,20,Saturday,-0.55369471852999537908
91,4,20,Sunday,-0.55854586289379977714
86,4,20,Thursday,-0.58280158471282176740
67,4,20,Tuesday,-0.67497332762510533042
98,4,20,Wednesday,-0.52458785234716899076
164,4,21,Friday,-0.20441232433607871924
84,4,21,Monday,-0.59250387344043056351
80,4,21,Saturday,-0.61190845089564815572
81,4,21,Sunday,-0.60705730653184375767
68,4,21,Thursday,-0.67012218326130093237
45,4,21,Tuesday,-0.78169850362880208760
71,4,21,Wednesday,-0.65556875016988773821
130,4,22,Friday,-0.36935123270542825305
38,4,22,Monday,-0.81565651417543287397
142,4,22,Saturday,-0.31113750033977547641
21,4,22,Sunday,-0.89812596836010764088
84,4,22,Thursday,-0.59250387344043056351
101,4,22,Tuesday,-0.51003441925575579660
50,4,22,Wednesday,-0.75744278180978009733
105,4,23,Friday,-0.49062984180053820439
43,4,23,Monday,-0.79140079235641088370
53,4,23,Saturday,-0.74288934871836690317
53,4,23,Sunday,-0.74288934871836690317
89,4,23,Thursday,-0.56824815162140857324
97,4,23,Tuesday,-0.52943899671097338882
45,4,23,Wednesday,-0.78169850362880208760
173,5,0,Friday,-0.16075202506183913676
70,5,0,Monday,-0.66041989453369213626
104,5,0,Saturday,-0.49548098616434260244
217,5,0,Sunday,0.05269832694555437760
91,5,0,Thursday,-0.55854586289379977714
83,5,0,Tuesday,-0.59735501780423496156
44,5,0,Wednesday,-0.78654964799260648565
46,5,1,Friday,-0.77684735926499768954
42,5,1,Monday,-0.79625193672021528176
156,5,1,Saturday,-0.24322147924651390366
84,5,1,Sunday,-0.59250387344043056351
54,5,1,Thursday,-0.73803820435456250511
22,5,1,Tuesday,-0.89327482399630324282
47,5,1,Wednesday,-0.77199621490119329149
28,5,2,Friday,-0.86416795781347685450
27,5,2,Monday,-0.86901910217728125256
154,5,2,Saturday,-0.25292376797412269977
107,5,2,Sunday,-0.48092755307292940828
28,5,2,Thursday,-0.86416795781347685450
23,5,2,Tuesday,-0.88842367963249884477
22,5,2,Wednesday,-0.89327482399630324282
74,5,3,Friday,-0.64101531707847454405
42,5,3,Monday,-0.79625193672021528176
63,5,3,Saturday,-0.69437790508032292263
31,5,3,Sunday,-0.84961452472206366034
2,5,3,Thursday,-0.99029771127239120389
39,5,3,Tuesday,-0.81080536981162847592
2,5,3,Wednesday,-0.99029771127239120389
71,5,4,Friday,-0.65556875016988773821
36,5,4,Saturday,-0.82535880290304167008
5,5,4,Sunday,-0.97574427818097800973
24,5,4,Thursday,-0.88357253526869444672
4,5,4,Tuesday,-0.98059542254478240779
21,5,4,Wednesday,-0.89812596836010764088
24,5,5,Friday,-0.88357253526869444672
4,5,5,Monday,-0.98059542254478240779
5,5,5,Saturday,-0.97574427818097800973
3,5,5,Sunday,-0.98544656690858680584
20,5,5,Thursday,-0.90297711272391203893
18,5,5,Tuesday,-0.91267940145152083504
17,5,5,Wednesday,-0.91753054581532523309
36,5,6,Friday,-0.82535880290304167008
2,5,6,Monday,-0.99029771127239120389
71,5,6,Saturday,-0.65556875016988773821
20,5,6,Sunday,-0.90297711272391203893
3,5,6,Thursday,-0.98544656690858680584
41,5,6,Tuesday,-0.80110308108401967981
4,5,6,Wednesday,-0.98059542254478240779
24,5,7,Friday,-0.88357253526869444672
23,5,7,Monday,-0.88842367963249884477
12,5,7,Saturday,-0.94178626763434722336
38,5,7,Sunday,-0.81565651417543287397
10,5,7,Thursday,-0.95148855636195601947
25,5,7,Tuesday,-0.87872139090489004866
97,5,7,Wednesday,-0.52943899671097338882
34,5,8,Friday,-0.83506109163065046618
54,5,8,Monday,-0.73803820435456250511
4,5,8,Saturday,-0.98059542254478240779
22,5,8,Sunday,-0.89327482399630324282
57,5,8,Thursday,-0.72348477126314931095
26,5,8,Tuesday,-0.87387024654108565061
44,5,8,Wednesday,-0.78654964799260648565
155,5,9,Friday,-0.24807262361031830172
37,5,9,Monday,-0.82050765853923727202
29,5,9,Saturday,-0.85931681344967245645
55,5,9,Sunday,-0.73318705999075810706
51,5,9,Thursday,-0.75259163744597569927
40,5,9,Tuesday,-0.80595422544782407786
17,5,9,Wednesday,-0.91753054581532523309
59,5,10,Friday,-0.71378248253554051485
70,5,10,Monday,-0.66041989453369213626
111,5,10,Saturday,-0.46152297561771181607
64,5,10,Sunday,-0.68952676071651852458
38,5,10,Thursday,-0.81565651417543287397
80,5,10,Tuesday,-0.61190845089564815572
40,5,10,Wednesday,-0.80595422544782407786
103,5,11,Friday,-0.50033213052814700050
65,5,11,Monday,-0.68467561635271412653
94,5,11,Saturday,-0.54399242980238658298
161,5,11,Sunday,-0.21896575742749191340
91,5,11,Thursday,-0.55854586289379977714
179,5,11,Tuesday,-0.13164515887901274843
87,5,11,Wednesday,-0.57795044034901736935
118,5,12,Friday,-0.42756496507108102969
126,5,12,Monday,-0.38875581016064584527
78,5,12,Saturday,-0.62161073962325695183
65,5,12,Sunday,-0.68467561635271412653
69,5,12,Thursday,-0.66527103889749653431
122,5,12,Tuesday,-0.40816038761586343748
97,5,12,Wednesday,-0.52943899671097338882
106,5,13,Friday,-0.48577869743673380634
102,5,13,Monday,-0.50518327489195139855
70,5,13,Saturday,-0.66041989453369213626
139,5,13,Sunday,-0.32569093343118867057
77,5,13,Thursday,-0.62646188398706134989
106,5,13,Tuesday,-0.48577869743673380634
213,5,13,Wednesday,0.03329374949033678538
119,5,14,Friday,-0.42271382070727663164
115,5,14,Monday,-0.44211839816249422385
95,5,14,Saturday,-0.53914128543858218492
65,5,14,Sunday,-0.68467561635271412653
108,5,14,Thursday,-0.47607640870912501023
110,5,14,Tuesday,-0.46637411998151621412
111,5,14,Wednesday,-0.46152297561771181607
138,5,15,Friday,-0.33054207779499306863
75,5,15,Monday,-0.63616417271467014599
70,5,15,Saturday,-0.66041989453369213626
59,5,15,Sunday,-0.71378248253554051485
89,5,15,Thursday,-0.56824815162140857324
78,5,15,Tuesday,-0.62161073962325695183
75,5,15,Wednesday,-0.63616417271467014599
136,5,16,Friday,-0.34024436652260186473
77,5,16,Monday,-0.62646188398706134989
133,5,16,Saturday,-0.35479779961401505889
97,5,16,Sunday,-0.52943899671097338882
76,5,16,Thursday,-0.63131302835086574794
124,5,16,Tuesday,-0.39845809888825464137
102,5,16,Wednesday,-0.50518327489195139855
89,5,17,Friday,-0.56824815162140857324
88,5,17,Monday,-0.57309929598521297130
74,5,17,Saturday,-0.64101531707847454405
154,5,17,Sunday,-0.25292376797412269977
130,5,17,Thursday,-0.36935123270542825305
88,5,17,Tuesday,-0.57309929598521297130
127,5,17,Wednesday,-0.38390466579684144721
133,5,18,Friday,-0.35479779961401505889
214,5,18,Monday,0.03814489385414118344
105,5,18,Saturday,-0.49062984180053820439
102,5,18,Sunday,-0.50518327489195139855
68,5,18,Thursday,-0.67012218326130093237
42,5,18,Tuesday,-0.79625193672021528176
131,5,18,Wednesday,-0.36450008834162385500
108,5,19,Friday,-0.47607640870912501023
45,5,19,Monday,-0.78169850362880208760
113,5,19,Saturday,-0.45182068689010301996
116,5,19,Sunday,-0.43726725379868982580
40,5,19,Thursday,-0.80595422544782407786
72,5,19,Tuesday,-0.65071760580608334015
91,5,19,Wednesday,-0.55854586289379977714
191,5,20,Friday,-0.07343142651335997179
82,5,20,Monday,-0.60220616216803935962
164,5,20,Saturday,-0.20441232433607871924
205,5,20,Sunday,-0.00551540542009839905
55,5,20,Thursday,-0.73318705999075810706
90,5,20,Tuesday,-0.56339700725760417519
108,5,20,Wednesday,-0.47607640870912501023
109,5,21,Friday,-0.47122526434532061218
36,5,21,Monday,-0.82535880290304167008
172,5,21,Saturday,-0.16560316942564353481
227,5,21,Sunday,0.10120977058359835813
109,5,21,Thursday,-0.47122526434532061218
97,5,21,Tuesday,-0.52943899671097338882
211,5,21,Wednesday,0.02359146076272798928
119,5,22,Friday,-0.42271382070727663164
70,5,22,Monday,-0.66041989453369213626
87,5,22,Saturday,-0.57795044034901736935
119,5,22,Sunday,-0.42271382070727663164
97,5,22,Thursday,-0.52943899671097338882
48,5,22,Tuesday,-0.76714507053738889343
84,5,22,Wednesday,-0.59250387344043056351
91,5,23,Friday,-0.55854586289379977714
81,5,23,Monday,-0.60705730653184375767
141,5,23,Saturday,-0.31598864470357987447
117,5,23,Sunday,-0.43241610943488542775
50,5,23,Thursday,-0.75744278180978009733
58,5,23,Tuesday,-0.71863362689934491290
31,5,23,Wednesday,-0.84961452472206366034
106,6,0,Friday,-0.48577869743673380634
86,6,0,Monday,-0.58280158471282176740
169,6,0,Saturday,-0.18015660251705672897
240,6,0,Sunday,0.16427464731305553283
114,6,0,Thursday,-0.44696954252629862191
84,6,0,Tuesday,-0.59250387344043056351
72,6,0,Wednesday,-0.65071760580608334015
85,6,1,Friday,-0.58765272907662616546
44,6,1,Monday,-0.78654964799260648565
172,6,1,Saturday,-0.16560316942564353481
67,6,1,Sunday,-0.67497332762510533042
37,6,1,Thursday,-0.82050765853923727202
94,6,1,Tuesday,-0.54399242980238658298
29,6,1,Wednesday,-0.85931681344967245645
56,6,2,Friday,-0.72833591562695370901
64,6,2,Monday,-0.68952676071651852458
163,6,2,Saturday,-0.20926346869988311729
69,6,2,Sunday,-0.66527103889749653431
21,6,2,Thursday,-0.89812596836010764088
24,6,2,Tuesday,-0.88357253526869444672
54,6,2,Wednesday,-0.73803820435456250511
24,6,3,Friday,-0.88357253526869444672
57,6,3,Monday,-0.72348477126314931095
33,6,3,Saturday,-0.83991223599445486424
91,6,3,Sunday,-0.55854586289379977714
40,6,3,Thursday,-0.80595422544782407786
39,6,3,Tuesday,-0.81080536981162847592
18,6,3,Wednesday,-0.91267940145152083504
39,6,4,Friday,-0.81080536981162847592
19,6,4,Monday,-0.90782825708771643698
23,6,4,Saturday,-0.88842367963249884477
23,6,4,Sunday,-0.88842367963249884477
25,6,4,Thursday,-0.87872139090489004866
4,6,4,Tuesday,-0.98059542254478240779
61,6,5,Friday,-0.70408019380793171874
56,6,5,Monday,-0.72833591562695370901
21,6,5,Saturday,-0.89812596836010764088
21,6,5,Sunday,-0.89812596836010764088
4,6,5,Thursday,-0.98059542254478240779
35,6,5,Tuesday,-0.83020994726684606813
20,6,5,Wednesday,-0.90297711272391203893
20,6,6,Friday,-0.90297711272391203893
35,6,6,Monday,-0.83020994726684606813
38,6,6,Saturday,-0.81565651417543287397
25,6,6,Sunday,-0.87872139090489004866
7,6,6,Thursday,-0.96604198945336921363
22,6,6,Tuesday,-0.89327482399630324282
37,6,6,Wednesday,-0.82050765853923727202
46,6,7,Friday,-0.77684735926499768954
38,6,7,Monday,-0.81565651417543287397
4,6,7,Saturday,-0.98059542254478240779
2,6,7,Sunday,-0.99029771127239120389
19,6,7,Thursday,-0.90782825708771643698
41,6,7,Tuesday,-0.80110308108401967981
9,6,7,Wednesday,-0.95633970072576041752
110,6,8,Friday,-0.46637411998151621412
31,6,8,Monday,-0.84961452472206366034
44,6,8,Saturday,-0.78654964799260648565
56,6,8,Sunday,-0.72833591562695370901
44,6,8,Thursday,-0.78654964799260648565
40,6,8,Tuesday,-0.80595422544782407786
82,6,8,Wednesday,-0.60220616216803935962
66,6,9,Friday,-0.67982447198890972847
31,6,9,Monday,-0.84961452472206366034
25,6,9,Saturday,-0.87872139090489004866
25,6,9,Sunday,-0.87872139090489004866
85,6,9,Thursday,-0.58765272907662616546
99,6,9,Tuesday,-0.51973670798336459271
51,6,9,Wednesday,-0.75259163744597569927
50,6,10,Friday,-0.75744278180978009733
63,6,10,Monday,-0.69437790508032292263
46,6,10,Saturday,-0.77684735926499768954
34,6,10,Sunday,-0.83506109163065046618
77,6,10,Thursday,-0.62646188398706134989
98,6,10,Tuesday,-0.52458785234716899076
84,6,10,Wednesday,-0.59250387344043056351
101,6,11,Friday,-0.51003441925575579660
86,6,11,Monday,-0.58280158471282176740
45,6,11,Saturday,-0.78169850362880208760
9,6,11,Sunday,-0.95633970072576041752
89,6,11,Thursday,-0.56824815162140857324
54,6,11,Tuesday,-0.73803820435456250511
50,6,11,Wednesday,-0.75744278180978009733
95,6,12,Friday,-0.53914128543858218492
187,6,12,Monday,-0.09283600396857756401
155,6,12,Saturday,-0.24807262361031830172
66,6,12,Sunday,-0.67982447198890972847
126,6,12,Thursday,-0.38875581016064584527
73,6,12,Tuesday,-0.64586646144227894210
37,6,12,Wednesday,-0.82050765853923727202
60,6,13,Friday,-0.70893133817173611679
91,6,13,Monday,-0.55854586289379977714
105,6,13,Saturday,-0.49062984180053820439
69,6,13,Sunday,-0.66527103889749653431
44,6,13,Thursday,-0.78654964799260648565
171,6,13,Tuesday,-0.17045431378944793286
141,6,13,Wednesday,-0.31598864470357987447
81,6,14,Friday,-0.60705730653184375767
155,6,14,Monday,-0.24807262361031830172
107,6,14,Saturday,-0.48092755307292940828
171,6,14,Sunday,-0.17045431378944793286
104,6,14,Thursday,-0.49548098616434260244
52,6,14,Tuesday,-0.74774049308217130122
85,6,14,Wednesday,-0.58765272907662616546
106,6,15,Friday,-0.48577869743673380634
108,6,15,Monday,-0.47607640870912501023
71,6,15,Saturday,-0.65556875016988773821
159,6,15,Sunday,-0.22866804615510070950
134,6,15,Thursday,-0.34994665525021066084
127,6,15,Tuesday,-0.38390466579684144721
85,6,15,Wednesday,-0.58765272907662616546
95,6,16,Friday,-0.53914128543858218492
121,6,16,Monday,-0.41301153197966783553
172,6,16,Saturday,-0.16560316942564353481
83,6,16,Sunday,-0.59735501780423496156
97,6,16,Thursday,-0.52943899671097338882
63,6,16,Tuesday,-0.69437790508032292263
72,6,16,Wednesday,-0.65071760580608334015
128,6,17,Friday,-0.37905352143303704916
114,6,17,Monday,-0.44696954252629862191
117,6,17,Saturday,-0.43241610943488542775
122,6,17,Sunday,-0.40816038761586343748
91,6,17,Thursday,-0.55854586289379977714
125,6,17,Tuesday,-0.39360695452445024332
219,6,17,Wednesday,0.06240061567316317370
98,6,18,Friday,-0.52458785234716899076
161,6,18,Monday,-0.21896575742749191340
99,6,18,Saturday,-0.51973670798336459271
130,6,18,Sunday,-0.36935123270542825305
91,6,18,Thursday,-0.55854586289379977714
175,6,18,Tuesday,-0.15104973633423034065
74,6,18,Wednesday,-0.64101531707847454405
73,6,19,Friday,-0.64586646144227894210
201,6,19,Monday,-0.02491998287531599126
90,6,19,Saturday,-0.56339700725760417519
142,6,19,Sunday,-0.31113750033977547641
97,6,19,Thursday,-0.52943899671097338882
164,6,19,Tuesday,-0.20441232433607871924
66,6,19,Wednesday,-0.67982447198890972847
197,6,20,Friday,-0.04432456033053358347
121,6,20,Monday,-0.41301153197966783553
99,6,20,Saturday,-0.51973670798336459271
90,6,20,Sunday,-0.56339700725760417519
140,6,20,Thursday,-0.32083978906738427252
130,6,20,Tuesday,-0.36935123270542825305
142,6,20,Wednesday,-0.31113750033977547641
177,6,21,Friday,-0.14134744760662154454
135,6,21,Monday,-0.34509551088640626279
117,6,21,Saturday,-0.43241610943488542775
144,6,21,Sunday,-0.30143521161216668030
58,6,21,Thursday,-0.71863362689934491290
193,6,21,Tuesday,-0.06372913778575117569
211,6,21,Wednesday,0.02359146076272798928
148,6,22,Friday,-0.28203063415694908809
152,6,22,Monday,-0.26262605670173149588
140,6,22,Saturday,-0.32083978906738427252
149,6,22,Sunday,-0.27717948979314469004
92,6,22,Thursday,-0.55369471852999537908
91,6,22,Tuesday,-0.55854586289379977714
162,6,22,Wednesday,-0.21411461306368751534
134,6,23,Friday,-0.34994665525021066084
152,6,23,Monday,-0.26262605670173149588
124,6,23,Saturday,-0.39845809888825464137
92,6,23,Sunday,-0.55369471852999537908
117,6,23,Thursday,-0.43241610943488542775
86,6,23,Tuesday,-0.58280158471282176740
106,6,23,Wednesday,-0.48577869743673380634
197,7,0,Friday,-0.04432456033053358347
154,7,0,Monday,-0.25292376797412269977
172,7,0,Saturday,-0.16560316942564353481
105,7,0,Sunday,-0.49062984180053820439
94,7,0,Thursday,-0.54399242980238658298
140,7,0,Tuesday,-0.32083978906738427252
212,7,0,Wednesday,0.02844260512653238733
162,7,1,Friday,-0.21411461306368751534
172,7,1,Monday,-0.16560316942564353481
100,7,1,Saturday,-0.51488556361956019466
268,7,1,Sunday,0.30010668949957867832
104,7,1,Thursday,-0.49548098616434260244
100,7,1,Tuesday,-0.51488556361956019466
107,7,1,Wednesday,-0.48092755307292940828
86,7,2,Friday,-0.58280158471282176740
39,7,2,Monday,-0.81080536981162847592
223,7,2,Saturday,0.08180519312838076592
179,7,2,Sunday,-0.13164515887901274843
81,7,2,Thursday,-0.60705730653184375767
46,7,2,Tuesday,-0.77684735926499768954
34,7,2,Wednesday,-0.83506109163065046618
72,7,3,Friday,-0.65071760580608334015
7,7,3,Monday,-0.96604198945336921363
51,7,3,Saturday,-0.75259163744597569927
82,7,3,Sunday,-0.60220616216803935962
59,7,3,Thursday,-0.71378248253554051485
21,7,3,Tuesday,-0.89812596836010764088
57,7,3,Wednesday,-0.72348477126314931095
6,7,4,Friday,-0.97089313381717361168
24,7,4,Monday,-0.88357253526869444672
24,7,4,Saturday,-0.88357253526869444672
64,7,4,Sunday,-0.68952676071651852458
40,7,4,Thursday,-0.80595422544782407786
23,7,4,Tuesday,-0.88842367963249884477
18,7,4,Wednesday,-0.91267940145152083504
18,7,5,Friday,-0.91267940145152083504
20,7,5,Monday,-0.90297711272391203893
19,7,5,Saturday,-0.90782825708771643698
57,7,5,Sunday,-0.72348477126314931095
20,7,5,Thursday,-0.90297711272391203893
4,7,5,Tuesday,-0.98059542254478240779
9,7,5,Wednesday,-0.95633970072576041752
52,7,6,Friday,-0.74774049308217130122
21,7,6,Monday,-0.89812596836010764088
23,7,6,Saturday,-0.88842367963249884477
36,7,6,Sunday,-0.82535880290304167008
22,7,6,Thursday,-0.89327482399630324282
37,7,6,Tuesday,-0.82050765853923727202
20,7,6,Wednesday,-0.90297711272391203893
73,7,7,Friday,-0.64586646144227894210
59,7,7,Monday,-0.71378248253554051485
70,7,7,Saturday,-0.66041989453369213626
41,7,7,Sunday,-0.80110308108401967981
59,7,7,Thursday,-0.71378248253554051485
60,7,7,Tuesday,-0.70893133817173611679
23,7,7,Wednesday,-0.88842367963249884477
85,7,8,Friday,-0.58765272907662616546
29,7,8,Monday,-0.85931681344967245645
43,7,8,Saturday,-0.79140079235641088370
72,7,8,Sunday,-0.65071760580608334015
10,7,8,Thursday,-0.95148855636195601947
48,7,8,Tuesday,-0.76714507053738889343
115,7,8,Wednesday,-0.44211839816249422385
85,7,9,Friday,-0.58765272907662616546
44,7,9,Monday,-0.78654964799260648565
48,7,9,Saturday,-0.76714507053738889343
31,7,9,Sunday,-0.84961452472206366034
41,7,9,Thursday,-0.80110308108401967981
33,7,9,Tuesday,-0.83991223599445486424
60,7,9,Wednesday,-0.70893133817173611679
51,7,10,Friday,-0.75259163744597569927
69,7,10,Monday,-0.66527103889749653431
34,7,10,Saturday,-0.83506109163065046618
20,7,10,Sunday,-0.90297711272391203893
103,7,10,Thursday,-0.50033213052814700050
101,7,10,Tuesday,-0.51003441925575579660
61,7,10,Wednesday,-0.70408019380793171874
74,7,11,Friday,-0.64101531707847454405
115,7,11,Monday,-0.44211839816249422385
126,7,11,Saturday,-0.38875581016064584527
117,7,11,Sunday,-0.43241610943488542775
125,7,11,Thursday,-0.39360695452445024332
138,7,11,Tuesday,-0.33054207779499306863
75,7,11,Wednesday,-0.63616417271467014599
125,7,12,Friday,-0.39360695452445024332
156,7,12,Monday,-0.24322147924651390366
117,7,12,Saturday,-0.43241610943488542775
84,7,12,Sunday,-0.59250387344043056351
74,7,12,Thursday,-0.64101531707847454405
60,7,12,Tuesday,-0.70893133817173611679
79,7,12,Wednesday,-0.61675959525945255378
120,7,13,Friday,-0.41786267634347223359
83,7,13,Monday,-0.59735501780423496156
123,7,13,Saturday,-0.40330924325205903943
68,7,13,Sunday,-0.67012218326130093237
67,7,13,Thursday,-0.67497332762510533042
73,7,13,Tuesday,-0.64586646144227894210
150,7,13,Wednesday,-0.27232834542934029198
102,7,14,Friday,-0.50518327489195139855
88,7,14,Monday,-0.57309929598521297130
91,7,14,Saturday,-0.55854586289379977714
80,7,14,Sunday,-0.61190845089564815572
118,7,14,Thursday,-0.42756496507108102969
157,7,14,Tuesday,-0.23837033488270950561
86,7,14,Wednesday,-0.58280158471282176740
191,7,15,Friday,-0.07343142651335997179
130,7,15,Monday,-0.36935123270542825305
165,7,15,Saturday,-0.19956117997227432118
124,7,15,Sunday,-0.39845809888825464137
128,7,15,Thursday,-0.37905352143303704916
93,7,15,Tuesday,-0.54884357416619098103
165,7,15,Wednesday,-0.19956117997227432118
191,7,16,Friday,-0.07343142651335997179
77,7,16,Monday,-0.62646188398706134989
92,7,16,Saturday,-0.55369471852999537908
155,7,16,Sunday,-0.24807262361031830172
165,7,16,Thursday,-0.19956117997227432118
65,7,16,Tuesday,-0.68467561635271412653
196,7,16,Wednesday,-0.04917570469433798153
134,7,17,Friday,-0.34994665525021066084
84,7,17,Monday,-0.59250387344043056351
89,7,17,Saturday,-0.56824815162140857324
124,7,17,Sunday,-0.39845809888825464137
64,7,17,Thursday,-0.68952676071651852458
120,7,17,Tuesday,-0.41786267634347223359
135,7,17,Wednesday,-0.34509551088640626279
149,7,18,Friday,-0.27717948979314469004
150,7,18,Monday,-0.27232834542934029198
97,7,18,Saturday,-0.52943899671097338882
149,7,18,Sunday,-0.27717948979314469004
144,7,18,Thursday,-0.30143521161216668030
97,7,18,Tuesday,-0.52943899671097338882
133,7,18,Wednesday,-0.35479779961401505889
158,7,19,Friday,-0.23351919051890510756
151,7,19,Monday,-0.26747720106553589393
75,7,19,Saturday,-0.63616417271467014599
121,7,19,Sunday,-0.41301153197966783553
127,7,19,Thursday,-0.38390466579684144721
111,7,19,Tuesday,-0.46152297561771181607
134,7,19,Wednesday,-0.34994665525021066084
140,7,20,Friday,-0.32083978906738427252
150,7,20,Monday,-0.27232834542934029198
218,7,20,Saturday,0.05754947130935877565
130,7,20,Sunday,-0.36935123270542825305
134,7,20,Thursday,-0.34994665525021066084
178,7,20,Tuesday,-0.13649630324281714649
158,7,20,Wednesday,-0.23351919051890510756
140,7,21,Friday,-0.32083978906738427252
180,7,21,Monday,-0.12679401451520835038
134,7,21,Saturday,-0.34994665525021066084
100,7,21,Sunday,-0.51488556361956019466
258,7,21,Thursday,0.25159524586153469779
166,7,21,Tuesday,-0.19471003560846992313
162,7,21,Wednesday,-0.21411461306368751534
165,7,22,Friday,-0.19956117997227432118
38,7,22,Monday,-0.81565651417543287397
186,7,22,Saturday,-0.09768714833238196206
162,7,22,Sunday,-0.21411461306368751534
87,7,22,Thursday,-0.57795044034901736935
63,7,22,Tuesday,-0.69437790508032292263
129,7,22,Wednesday,-0.37420237706923265111
245,7,23,Friday,0.18853036913207752309
115,7,23,Monday,-0.44211839816249422385
149,7,23,Saturday,-0.27717948979314469004
166,7,23,Sunday,-0.19471003560846992313
146,7,23,Thursday,-0.29173292288455788420
76,7,23,Tuesday,-0.63131302835086574794
112,7,23,Wednesday,-0.45667183125390741801
249,8,0,Friday,0.20793494658729511531
128,8,0,Monday,-0.37905352143303704916
221,8,0,Saturday,0.07210290440077196981
347,8,0,Sunday,0.68334709424012612454
153,8,0,Thursday,-0.25777491233792709782
122,8,0,Tuesday,-0.40816038761586343748
164,8,0,Wednesday,-0.20441232433607871924
54,8,1,Friday,-0.73803820435456250511
44,8,1,Monday,-0.78654964799260648565
181,8,1,Saturday,-0.12194287015140395233
175,8,1,Sunday,-0.15104973633423034065
44,8,1,Thursday,-0.78654964799260648565
81,8,1,Tuesday,-0.60705730653184375767
65,8,1,Wednesday,-0.68467561635271412653
87,8,2,Friday,-0.57795044034901736935
142,8,2,Monday,-0.31113750033977547641
76,8,2,Saturday,-0.63131302835086574794
147,8,2,Sunday,-0.28688177852075348614
79,8,2,Thursday,-0.61675959525945255378
60,8,2,Tuesday,-0.70893133817173611679
98,8,2,Wednesday,-0.52458785234716899076
43,8,3,Friday,-0.79140079235641088370
20,8,3,Monday,-0.90297711272391203893
136,8,3,Saturday,-0.34024436652260186473
64,8,3,Sunday,-0.68952676071651852458
23,8,3,Thursday,-0.88842367963249884477
40,8,3,Tuesday,-0.80595422544782407786
25,8,3,Wednesday,-0.87872139090489004866
23,8,4,Friday,-0.88842367963249884477
4,8,4,Monday,-0.98059542254478240779
60,8,4,Saturday,-0.70893133817173611679
117,8,4,Sunday,-0.43241610943488542775
4,8,4,Thursday,-0.98059542254478240779
42,8,4,Tuesday,-0.79625193672021528176
22,8,4,Wednesday,-0.89327482399630324282
24,8,5,Friday,-0.88357253526869444672
5,8,5,Monday,-0.97574427818097800973
78,8,5,Saturday,-0.62161073962325695183
41,8,5,Sunday,-0.80110308108401967981
22,8,5,Thursday,-0.89327482399630324282
19,8,5,Tuesday,-0.90782825708771643698
18,8,5,Wednesday,-0.91267940145152083504
25,8,6,Friday,-0.87872139090489004866
22,8,6,Monday,-0.89327482399630324282
4,8,6,Saturday,-0.98059542254478240779
55,8,6,Sunday,-0.73318705999075810706
42,8,6,Thursday,-0.79625193672021528176
4,8,6,Tuesday,-0.98059542254478240779
7,8,6,Wednesday,-0.96604198945336921363
61,8,7,Friday,-0.70408019380793171874
40,8,7,Monday,-0.80595422544782407786
39,8,7,Saturday,-0.81080536981162847592
39,8,7,Sunday,-0.81080536981162847592
26,8,7,Thursday,-0.87387024654108565061
40,8,7,Tuesday,-0.80595422544782407786
13,8,7,Wednesday,-0.93693512327054282531
23,8,8,Friday,-0.88842367963249884477
38,8,8,Monday,-0.81565651417543287397
76,8,8,Saturday,-0.63131302835086574794
41,8,8,Sunday,-0.80110308108401967981
35,8,8,Thursday,-0.83020994726684606813
98,8,8,Tuesday,-0.52458785234716899076
47,8,8,Wednesday,-0.77199621490119329149
75,8,9,Friday,-0.63616417271467014599
81,8,9,Monday,-0.60705730653184375767
92,8,9,Saturday,-0.55369471852999537908
46,8,9,Sunday,-0.77684735926499768954
65,8,9,Thursday,-0.68467561635271412653
119,8,9,Tuesday,-0.42271382070727663164
64,8,9,Wednesday,-0.68952676071651852458
102,8,10,Friday,-0.50518327489195139855
116,8,10,Monday,-0.43726725379868982580
119,8,10,Saturday,-0.42271382070727663164
94,8,10,Sunday,-0.54399242980238658298
99,8,10,Thursday,-0.51973670798336459271
66,8,10,Tuesday,-0.67982447198890972847
18,8,10,Wednesday,-0.91267940145152083504
64,8,11,Friday,-0.68952676071651852458
96,8,11,Monday,-0.53429014107477778687
204,8,11,Saturday,-0.01036654978390279710
114,8,11,Sunday,-0.44696954252629862191
122,8,11,Thursday,-0.40816038761586343748
86,8,11,Tuesday,-0.58280158471282176740
57,8,11,Wednesday,-0.72348477126314931095
92,8,12,Friday,-0.55369471852999537908
108,8,12,Monday,-0.47607640870912501023
143,8,12,Saturday,-0.30628635597597107836
132,8,12,Sunday,-0.35964894397781945695
87,8,12,Thursday,-0.57795044034901736935
51,8,12,Tuesday,-0.75259163744597569927
64,8,12,Wednesday,-0.68952676071651852458
142,8,13,Friday,-0.31113750033977547641
157,8,13,Monday,-0.23837033488270950561
60,8,13,Saturday,-0.70893133817173611679
71,8,13,Sunday,-0.65556875016988773821
84,8,13,Thursday,-0.59250387344043056351
129,8,13,Tuesday,-0.37420237706923265111
127,8,13,Wednesday,-0.38390466579684144721
105,8,14,Friday,-0.49062984180053820439
45,8,14,Monday,-0.78169850362880208760
109,8,14,Saturday,-0.47122526434532061218
69,8,14,Sunday,-0.66527103889749653431
105,8,14,Thursday,-0.49062984180053820439
53,8,14,Tuesday,-0.74288934871836690317
246,8,14,Wednesday,0.19338151349588192115
46,8,15,Friday,-0.77684735926499768954
169,8,15,Monday,-0.18015660251705672897
121,8,15,Saturday,-0.41301153197966783553
119,8,15,Sunday,-0.42271382070727663164
89,8,15,Thursday,-0.56824815162140857324
88,8,15,Tuesday,-0.57309929598521297130
56,8,15,Wednesday,-0.72833591562695370901
133,8,16,Friday,-0.35479779961401505889
107,8,16,Monday,-0.48092755307292940828
131,8,16,Saturday,-0.36450008834162385500
210,8,16,Sunday,0.01874031639892359122
109,8,16,Thursday,-0.47122526434532061218
113,8,16,Tuesday,-0.45182068689010301996
112,8,16,Wednesday,-0.45667183125390741801
126,8,17,Friday,-0.38875581016064584527
112,8,17,Monday,-0.45667183125390741801
133,8,17,Saturday,-0.35479779961401505889
131,8,17,Sunday,-0.36450008834162385500
131,8,17,Thursday,-0.36450008834162385500
135,8,17,Tuesday,-0.34509551088640626279
210,8,17,Wednesday,0.01874031639892359122
163,8,18,Friday,-0.20926346869988311729
84,8,18,Monday,-0.59250387344043056351
149,8,18,Saturday,-0.27717948979314469004
180,8,18,Sunday,-0.12679401451520835038
97,8,18,Thursday,-0.52943899671097338882
65,8,18,Tuesday,-0.68467561635271412653
101,8,18,Wednesday,-0.51003441925575579660
112,8,19,Friday,-0.45667183125390741801
158,8,19,Monday,-0.23351919051890510756
130,8,19,Saturday,-0.36935123270542825305
198,8,19,Sunday,-0.03947341596672918542
150,8,19,Thursday,-0.27232834542934029198
143,8,19,Tuesday,-0.30628635597597107836
130,8,19,Wednesday,-0.36935123270542825305
91,8,20,Friday,-0.55854586289379977714
125,8,20,Monday,-0.39360695452445024332
196,8,20,Saturday,-0.04917570469433798153
231,8,20,Sunday,0.12061434803881595034
46,8,20,Thursday,-0.77684735926499768954
140,8,20,Tuesday,-0.32083978906738427252
135,8,20,Wednesday,-0.34509551088640626279
115,8,21,Friday,-0.44211839816249422385
186,8,21,Monday,-0.09768714833238196206
131,8,21,Saturday,-0.36450008834162385500
284,8,21,Sunday,0.37772499932044904718
96,8,21,Thursday,-0.53429014107477778687
91,8,21,Tuesday,-0.55854586289379977714
126,8,21,Wednesday,-0.38875581016064584527
174,8,22,Friday,-0.15590088069803473870
126,8,22,Monday,-0.38875581016064584527
149,8,22,Saturday,-0.27717948979314469004
156,8,22,Sunday,-0.24322147924651390366
115,8,22,Thursday,-0.44211839816249422385
181,8,22,Tuesday,-0.12194287015140395233
57,8,22,Wednesday,-0.72348477126314931095
96,8,23,Friday,-0.53429014107477778687
85,8,23,Monday,-0.58765272907662616546
185,8,23,Saturday,-0.10253829269618636011
72,8,23,Sunday,-0.65071760580608334015
142,8,23,Thursday,-0.31113750033977547641
90,8,23,Tuesday,-0.56339700725760417519
76,8,23,Wednesday,-0.63131302835086574794
58,9,0,Friday,-0.71863362689934491290
141,9,0,Monday,-0.31598864470357987447
203,9,0,Saturday,-0.01521769414770719515
230,9,0,Sunday,0.11576320367501155229
98,9,0,Thursday,-0.52458785234716899076
101,9,0,Tuesday,-0.51003441925575579660
205,9,0,Wednesday,-0.00551540542009839905
36,9,1,Friday,-0.82535880290304167008
71,9,1,Monday,-0.65556875016988773821
137,9,1,Saturday,-0.33539322215879746668
174,9,1,Sunday,-0.15590088069803473870
11,9,1,Thursday,-0.94663741199815162141
9,9,1,Tuesday,-0.95633970072576041752
110,9,1,Wednesday,-0.46637411998151621412
25,9,2,Friday,-0.87872139090489004866
13,9,2,Monday,-0.93693512327054282531
161,9,2,Saturday,-0.21896575742749191340
128,9,2,Sunday,-0.37905352143303704916
44,9,2,Thursday,-0.78654964799260648565
75,9,2,Tuesday,-0.63616417271467014599
26,9,2,Wednesday,-0.87387024654108565061
57,9,3,Friday,-0.72348477126314931095
55,9,3,Monday,-0.73318705999075810706
41,9,3,Saturday,-0.80110308108401967981
69,9,3,Sunday,-0.66527103889749653431
39,9,3,Thursday,-0.81080536981162847592
2,9,3,Tuesday,-0.99029771127239120389
22,9,3,Wednesday,-0.89327482399630324282
3,9,4,Friday,-0.98544656690858680584
3,9,4,Monday,-0.98544656690858680584
15,9,4,Saturday,-0.92723283454293402920
41,9,4,Sunday,-0.80110308108401967981
21,9,4,Thursday,-0.89812596836010764088
18,9,4,Tuesday,-0.91267940145152083504
69,9,4,Wednesday,-0.66527103889749653431
4,9,5,Friday,-0.98059542254478240779
20,9,5,Monday,-0.90297711272391203893
25,9,5,Saturday,-0.87872139090489004866
58,9,5,Sunday,-0.71863362689934491290
20,9,5,Thursday,-0.90297711272391203893
70,9,5,Tuesday,-0.66041989453369213626
3,9,5,Wednesday,-0.98544656690858680584
39,9,6,Friday,-0.81080536981162847592
42,9,6,Monday,-0.79625193672021528176
74,9,6,Saturday,-0.64101531707847454405
54,9,6,Sunday,-0.73803820435456250511
8,9,6,Thursday,-0.96119084508956481557
40,9,6,Tuesday,-0.80595422544782407786
6,9,6,Wednesday,-0.97089313381717361168
45,9,7,Friday,-0.78169850362880208760
24,9,7,Monday,-0.88357253526869444672
38,9,7,Saturday,-0.81565651417543287397
23,9,7,Sunday,-0.88842367963249884477
45,9,7,Thursday,-0.78169850362880208760
8,9,7,Tuesday,-0.96119084508956481557
80,9,7,Wednesday,-0.61190845089564815572
47,9,8,Friday,-0.77199621490119329149
63,9,8,Monday,-0.69437790508032292263
94,9,8,Saturday,-0.54399242980238658298
24,9,8,Sunday,-0.88357253526869444672
66,9,8,Thursday,-0.67982447198890972847
126,9,8,Tuesday,-0.38875581016064584527
32,9,8,Wednesday,-0.84476338035825926229
65,9,9,Friday,-0.68467561635271412653
68,9,9,Monday,-0.67012218326130093237
38,9,9,Saturday,-0.81565651417543287397
28,9,9,Sunday,-0.86416795781347685450
86,9,9,Thursday,-0.58280158471282176740
67,9,9,Tuesday,-0.67497332762510533042
92,9,9,Wednesday,-0.55369471852999537908
92,9,10,Friday,-0.55369471852999537908
112,9,10,Monday,-0.45667183125390741801
98,9,10,Saturday,-0.52458785234716899076
50,9,10,Sunday,-0.75744278180978009733
52,9,10,Thursday,-0.74774049308217130122
122,9,10,Tuesday,-0.40816038761586343748
43,9,10,Wednesday,-0.79140079235641088370
116,9,11,Friday,-0.43726725379868982580
83,9,11,Monday,-0.59735501780423496156
39,9,11,Saturday,-0.81080536981162847592
87,9,11,Sunday,-0.57795044034901736935
25,9,11,Thursday,-0.87872139090489004866
85,9,11,Tuesday,-0.58765272907662616546
102,9,11,Wednesday,-0.50518327489195139855
60,9,12,Friday,-0.70893133817173611679
58,9,12,Monday,-0.71863362689934491290
52,9,12,Saturday,-0.74774049308217130122
98,9,12,Sunday,-0.52458785234716899076
138,9,12,Thursday,-0.33054207779499306863
123,9,12,Tuesday,-0.40330924325205903943
54,9,12,Wednesday,-0.73803820435456250511
81,9,13,Friday,-0.60705730653184375767
163,9,13,Monday,-0.20926346869988311729
70,9,13,Saturday,-0.66041989453369213626
142,9,13,Sunday,-0.31113750033977547641
94,9,13,Thursday,-0.54399242980238658298
136,9,13,Tuesday,-0.34024436652260186473
133,9,13,Wednesday,-0.35479779961401505889
61,9,14,Friday,-0.70408019380793171874
102,9,14,Monday,-0.50518327489195139855
128,9,14,Saturday,-0.37905352143303704916
182,9,14,Sunday,-0.11709172578759955427
102,9,14,Thursday,-0.50518327489195139855
100,9,14,Tuesday,-0.51488556361956019466
80,9,14,Wednesday,-0.61190845089564815572
71,9,15,Friday,-0.65556875016988773821
127,9,15,Monday,-0.38390466579684144721
110,9,15,Saturday,-0.46637411998151621412
105,9,15,Sunday,-0.49062984180053820439
124,9,15,Thursday,-0.39845809888825464137
105,9,15,Tuesday,-0.49062984180053820439
133,9,15,Wednesday,-0.35479779961401505889
119,9,16,Friday,-0.42271382070727663164
169,9,16,Monday,-0.18015660251705672897
154,9,16,Saturday,-0.25292376797412269977
152,9,16,Sunday,-0.26262605670173149588
126,9,16,Thursday,-0.38875581016064584527
82,9,16,Tuesday,-0.60220616216803935962
120,9,16,Wednesday,-0.41786267634347223359
97,9,17,Friday,-0.52943899671097338882
97,9,17,Monday,-0.52943899671097338882
112,9,17,Saturday,-0.45667183125390741801
141,9,17,Sunday,-0.31598864470357987447
49,9,17,Thursday,-0.76229392617358449538
207,9,17,Tuesday,0.00418688330751039706
255,9,17,Wednesday,0.23704181277012150363
83,9,18,Friday,-0.59735501780423496156
154,9,18,Monday,-0.25292376797412269977
176,9,18,Saturday,-0.14619859197042594259
149,9,18,Sunday,-0.27717948979314469004
109,9,18,Thursday,-0.47122526434532061218
154,9,18,Tuesday,-0.25292376797412269977
80,9,18,Wednesday,-0.61190845089564815572
126,9,19,Friday,-0.38875581016064584527
112,9,19,Monday,-0.45667183125390741801
292,9,19,Saturday,0.41653415423088423160
109,9,19,Sunday,-0.47122526434532061218
132,9,19,Thursday,-0.35964894397781945695
198,9,19,Tuesday,-0.03947341596672918542
156,9,19,Wednesday,-0.24322147924651390366
128,9,20,Friday,-0.37905352143303704916
208,9,20,Monday,0.00903802767131479512
183,9,20,Saturday,-0.11224058142379515622
146,9,20,Sunday,-0.29173292288455788420
90,9,20,Thursday,-0.56339700725760417519
158,9,20,Tuesday,-0.23351919051890510756
250,9,20,Wednesday,0.21278609095109951336
147,9,21,Friday,-0.28688177852075348614
92,9,21,Monday,-0.55369471852999537908
224,9,21,Saturday,0.08665633749218516397
110,9,21,Sunday,-0.46637411998151621412
182,9,21,Thursday,-0.11709172578759955427
89,9,21,Tuesday,-0.56824815162140857324
105,9,21,Wednesday,-0.49062984180053820439
103,9,22,Friday,-0.50033213052814700050
88,9,22,Monday,-0.57309929598521297130
181,9,22,Saturday,-0.12194287015140395233
70,9,22,Sunday,-0.66041989453369213626
86,9,22,Thursday,-0.58280158471282176740
68,9,22,Tuesday,-0.67012218326130093237
181,9,22,Wednesday,-0.12194287015140395233
111,9,23,Friday,-0.46152297561771181607
98,9,23,Monday,-0.52458785234716899076
59,9,23,Saturday,-0.71378248253554051485
118,9,23,Sunday,-0.42756496507108102969
155,9,23,Thursday,-0.24807262361031830172
86,9,23,Tuesday,-0.58280158471282176740
82,9,23,Wednesday,-0.60220616216803935962
278,10,0,Friday,0.34861813313762265886
268,10,0,Monday,0.30010668949957867832
411,10,0,Saturday,0.99382033352360759996
464,10,0,Sunday,1.2509309848052407
337,10,0,Thursday,0.63483565060208214401
177,10,0,Tuesday,-0.14134744760662154454
247,10,0,Wednesday,0.19823265785968631920
188,10,1,Friday,-0.08798485960477316595
113,10,1,Monday,-0.45182068689010301996
362,10,1,Saturday,0.75611425969719209534
270,10,1,Sunday,0.30980897822718747443
74,10,1,Thursday,-0.64101531707847454405
47,10,1,Tuesday,-0.77199621490119329149
126,10,1,Wednesday,-0.38875581016064584527
84,10,2,Friday,-0.59250387344043056351
45,10,2,Monday,-0.78169850362880208760
168,10,2,Saturday,-0.18500774688086112702
309,10,2,Sunday,0.49900360841555899851
145,10,2,Thursday,-0.29658406724836228225
140,10,2,Tuesday,-0.32083978906738427252
131,10,2,Wednesday,-0.36450008834162385500
106,10,3,Friday,-0.48577869743673380634
72,10,3,Monday,-0.65071760580608334015
97,10,3,Saturday,-0.52943899671097338882
116,10,3,Sunday,-0.43726725379868982580
87,10,3,Thursday,-0.57795044034901736935
38,10,3,Tuesday,-0.81565651417543287397
41,10,3,Wednesday,-0.80110308108401967981
39,10,4,Friday,-0.81080536981162847592
88,10,4,Monday,-0.57309929598521297130
93,10,4,Saturday,-0.54884357416619098103
131,10,4,Sunday,-0.36450008834162385500
24,10,4,Thursday,-0.88357253526869444672
54,10,4,Tuesday,-0.73803820435456250511
37,10,4,Wednesday,-0.82050765853923727202
21,10,5,Friday,-0.89812596836010764088
52,10,5,Monday,-0.74774049308217130122
54,10,5,Saturday,-0.73803820435456250511
53,10,5,Sunday,-0.74288934871836690317
1,10,5,Thursday,-0.99514885563619560195
35,10,5,Tuesday,-0.83020994726684606813
19,10,5,Wednesday,-0.90782825708771643698
40,10,6,Friday,-0.80595422544782407786
51,10,6,Monday,-0.75259163744597569927
21,10,6,Saturday,-0.89812596836010764088
89,10,6,Sunday,-0.56824815162140857324
57,10,6,Thursday,-0.72348477126314931095
2,10,6,Tuesday,-0.99029771127239120389
72,10,6,Wednesday,-0.65071760580608334015
48,10,7,Friday,-0.76714507053738889343
78,10,7,Monday,-0.62161073962325695183
70,10,7,Saturday,-0.66041989453369213626
121,10,7,Sunday,-0.41301153197966783553
108,10,7,Thursday,-0.47607640870912501023
76,10,7,Tuesday,-0.63131302835086574794
51,10,7,Wednesday,-0.75259163744597569927
95,10,8,Friday,-0.53914128543858218492
169,10,8,Monday,-0.18015660251705672897
77,10,8,Saturday,-0.62646188398706134989
61,10,8,Sunday,-0.70408019380793171874
99,10,8,Thursday,-0.51973670798336459271
132,10,8,Tuesday,-0.35964894397781945695
112,10,8,Wednesday,-0.45667183125390741801
217,10,9,Friday,0.05269832694555437760
142,10,9,Monday,-0.31113750033977547641
39,10,9,Saturday,-0.81080536981162847592
23,10,9,Sunday,-0.88842367963249884477
168,10,9,Thursday,-0.18500774688086112702
95,10,9,Tuesday,-0.53914128543858218492
109,10,9,Wednesday,-0.47122526434532061218
187,10,10,Friday,-0.09283600396857756401
140,10,10,Monday,-0.32083978906738427252
129,10,10,Saturday,-0.37420237706923265111
78,10,10,Sunday,-0.62161073962325695183
179,10,10,Thursday,-0.13164515887901274843
181,10,10,Tuesday,-0.12194287015140395233
276,10,10,Wednesday,0.33891584441001386275
133,10,11,Friday,-0.35479779961401505889
148,10,11,Monday,-0.28203063415694908809
206,10,11,Saturday,-0.00066426105629400099
94,10,11,Sunday,-0.54399242980238658298
128,10,11,Thursday,-0.37905352143303704916
171,10,11,Tuesday,-0.17045431378944793286
289,10,11,Wednesday,0.40198072113947103744
106,10,12,Friday,-0.48577869743673380634
188,10,12,Monday,-0.08798485960477316595
202,10,12,Saturday,-0.02006883851151159321
101,10,12,Sunday,-0.51003441925575579660
265,10,12,Thursday,0.28555325640816548416
207,10,12,Tuesday,0.00418688330751039706
196,10,12,Wednesday,-0.04917570469433798153
189,10,13,Friday,-0.08313371524096876790
222,10,13,Monday,0.07695404876457636786
161,10,13,Saturday,-0.21896575742749191340
166,10,13,Sunday,-0.19471003560846992313
224,10,13,Thursday,0.08665633749218516397
174,10,13,Tuesday,-0.15590088069803473870
254,10,13,Wednesday,0.23219066840631710557
120,10,14,Friday,-0.41786267634347223359
106,10,14,Monday,-0.48577869743673380634
249,10,14,Saturday,0.20793494658729511531
117,10,14,Sunday,-0.43241610943488542775
261,10,14,Thursday,0.26614867895294789195
230,10,14,Tuesday,0.11576320367501155229
186,10,14,Wednesday,-0.09768714833238196206
322,10,15,Friday,0.56206848514501617321
236,10,15,Monday,0.14487006985783794061
190,10,15,Saturday,-0.07828257087716436985
155,10,15,Sunday,-0.24807262361031830172
330,10,15,Thursday,0.60087764005545135763
182,10,15,Tuesday,-0.11709172578759955427
223,10,15,Wednesday,0.08180519312838076592
296,10,16,Friday,0.43593873168610182382
177,10,16,Monday,-0.14134744760662154454
161,10,16,Saturday,-0.21896575742749191340
210,10,16,Sunday,0.01874031639892359122
206,10,16,Thursday,-0.00066426105629400099
294,10,16,Tuesday,0.42623644295849302771
244,10,16,Wednesday,0.18367922476827312504
184,10,17,Friday,-0.10738943705999075817
168,10,17,Monday,-0.18500774688086112702
381,10,17,Saturday,0.84828600260947565836
174,10,17,Sunday,-0.15590088069803473870
243,10,17,Thursday,0.17882808040446872699
232,10,17,Tuesday,0.12546549240262034840
205,10,17,Wednesday,-0.00551540542009839905
213,10,18,Friday,0.03329374949033678538
245,10,18,Monday,0.18853036913207752309
174,10,18,Saturday,-0.15590088069803473870
177,10,18,Sunday,-0.14134744760662154454
287,10,18,Thursday,0.39227843241186224134
189,10,18,Tuesday,-0.08313371524096876790
276,10,18,Wednesday,0.33891584441001386275
98,10,19,Friday,-0.52458785234716899076
192,10,19,Monday,-0.06858028214955557374
220,10,19,Saturday,0.06725176003696757176
272,10,19,Sunday,0.31951126695479627054
278,10,19,Thursday,0.34861813313762265886
207,10,19,Tuesday,0.00418688330751039706
240,10,19,Wednesday,0.16427464731305553283
211,10,20,Friday,0.02359146076272798928
211,10,20,Monday,0.02359146076272798928
258,10,20,Saturday,0.25159524586153469779
130,10,20,Sunday,-0.36935123270542825305
375,10,20,Thursday,0.81917913642664927004
233,10,20,Tuesday,0.13031663676642474645
155,10,20,Wednesday,-0.24807262361031830172
175,10,21,Friday,-0.15104973633423034065
174,10,21,Monday,-0.15590088069803473870
207,10,21,Saturday,0.00418688330751039706
171,10,21,Sunday,-0.17045431378944793286
225,10,21,Thursday,0.09150748185598956202
339,10,21,Tuesday,0.64453793932969094012
157,10,21,Wednesday,-0.23837033488270950561
277,10,22,Friday,0.34376698877381826080
133,10,22,Monday,-0.35479779961401505889
362,10,22,Saturday,0.75611425969719209534
189,10,22,Sunday,-0.08313371524096876790
180,10,22,Thursday,-0.12679401451520835038
140,10,22,Tuesday,-0.32083978906738427252
259,10,22,Wednesday,0.25644639022533909584
191,10,23,Friday,-0.07343142651335997179
169,10,23,Monday,-0.18015660251705672897
123,10,23,Saturday,-0.40330924325205903943
133,10,23,Sunday,-0.35479779961401505889
211,10,23,Thursday,0.02359146076272798928
82,10,23,Tuesday,-0.60220616216803935962
269,10,23,Wednesday,0.30495783386338307637
285,11,0,Friday,0.38257614368425344523
281,11,0,Monday,0.36317156622903585302
362,11,0,Saturday,0.75611425969719209534
290,11,0,Sunday,0.40683186550327543550
124,11,0,Thursday,-0.39845809888825464137
73,11,0,Tuesday,-0.64586646144227894210
139,11,0,Wednesday,-0.32569093343118867057
168,11,1,Friday,-0.18500774688086112702
92,11,1,Monday,-0.55369471852999537908
226,11,1,Saturday,0.09635862621979396008
372,11,1,Sunday,0.80462570333523607588
85,11,1,Thursday,-0.58765272907662616546
109,11,1,Tuesday,-0.47122526434532061218
126,11,1,Wednesday,-0.38875581016064584527
162,11,2,Friday,-0.21411461306368751534
110,11,2,Monday,-0.46637411998151621412
194,11,2,Saturday,-0.05887799342194677763
182,11,2,Sunday,-0.11709172578759955427
63,11,2,Thursday,-0.69437790508032292263
70,11,2,Tuesday,-0.66041989453369213626
94,11,2,Wednesday,-0.54399242980238658298
38,11,3,Friday,-0.81565651417543287397
54,11,3,Monday,-0.73803820435456250511
62,11,3,Saturday,-0.69922904944412732069
115,11,3,Sunday,-0.44211839816249422385
59,11,3,Thursday,-0.71378248253554051485
17,11,3,Tuesday,-0.91753054581532523309
38,11,3,Wednesday,-0.81565651417543287397
42,11,4,Friday,-0.79625193672021528176
40,11,4,Monday,-0.80595422544782407786
60,11,4,Saturday,-0.70893133817173611679
56,11,4,Sunday,-0.72833591562695370901
36,11,4,Thursday,-0.82535880290304167008
4,11,4,Tuesday,-0.98059542254478240779
52,11,4,Wednesday,-0.74774049308217130122
1,11,5,Friday,-0.99514885563619560195
3,11,5,Monday,-0.98544656690858680584
4,11,5,Saturday,-0.98059542254478240779
21,11,5,Sunday,-0.89812596836010764088
20,11,5,Thursday,-0.90297711272391203893
19,11,5,Tuesday,-0.90782825708771643698
18,11,5,Wednesday,-0.91267940145152083504
38,11,6,Friday,-0.81565651417543287397
76,11,6,Monday,-0.63131302835086574794
70,11,6,Saturday,-0.66041989453369213626
90,11,6,Sunday,-0.56339700725760417519
90,11,6,Thursday,-0.56339700725760417519
39,11,6,Tuesday,-0.81080536981162847592
103,11,6,Wednesday,-0.50033213052814700050
37,11,7,Friday,-0.82050765853923727202
26,11,7,Monday,-0.87387024654108565061
72,11,7,Saturday,-0.65071760580608334015
71,11,7,Sunday,-0.65556875016988773821
75,11,7,Thursday,-0.63616417271467014599
93,11,7,Tuesday,-0.54884357416619098103
93,11,7,Wednesday,-0.54884357416619098103
113,11,8,Friday,-0.45182068689010301996
111,11,8,Monday,-0.46152297561771181607
60,11,8,Saturday,-0.70893133817173611679
37,11,8,Sunday,-0.82050765853923727202
111,11,8,Thursday,-0.46152297561771181607
120,11,8,Tuesday,-0.41786267634347223359
167,11,8,Wednesday,-0.18985889124466552508
47,11,9,Friday,-0.77199621490119329149
27,11,9,Monday,-0.86901910217728125256
61,11,9,Saturday,-0.70408019380793171874
10,11,9,Sunday,-0.95148855636195601947
77,11,9,Thursday,-0.62646188398706134989
140,11,9,Tuesday,-0.32083978906738427252
198,11,9,Wednesday,-0.03947341596672918542
116,11,10,Friday,-0.43726725379868982580
123,11,10,Monday,-0.40330924325205903943
110,11,10,Saturday,-0.46637411998151621412
139,11,10,Sunday,-0.32569093343118867057
51,11,10,Thursday,-0.75259163744597569927
162,11,10,Tuesday,-0.21411461306368751534
98,11,10,Wednesday,-0.52458785234716899076
169,11,11,Friday,-0.18015660251705672897
129,11,11,Monday,-0.37420237706923265111
247,11,11,Saturday,0.19823265785968631920
148,11,11,Sunday,-0.28203063415694908809
207,11,11,Thursday,0.00418688330751039706
48,11,11,Tuesday,-0.76714507053738889343
137,11,11,Wednesday,-0.33539322215879746668
184,11,12,Friday,-0.10738943705999075817
187,11,12,Monday,-0.09283600396857756401
216,11,12,Saturday,0.04784718258174997954
162,11,12,Sunday,-0.21411461306368751534
175,11,12,Thursday,-0.15104973633423034065
151,11,12,Tuesday,-0.26747720106553589393
106,11,12,Wednesday,-0.48577869743673380634
188,11,13,Friday,-0.08798485960477316595
200,11,13,Monday,-0.02977112723912038931
238,11,13,Saturday,0.15457235858544673672
48,11,13,Sunday,-0.76714507053738889343
134,11,13,Thursday,-0.34994665525021066084
167,11,13,Tuesday,-0.18985889124466552508
257,11,13,Wednesday,0.24674410149773029973
252,11,14,Friday,0.22248837967870830947
185,11,14,Monday,-0.10253829269618636011
84,11,14,Saturday,-0.59250387344043056351
146,11,14,Sunday,-0.29173292288455788420
102,11,14,Thursday,-0.50518327489195139855
204,11,14,Tuesday,-0.01036654978390279710
125,11,14,Wednesday,-0.39360695452445024332
215,11,15,Friday,0.04299603821794558149
197,11,15,Monday,-0.04432456033053358347
136,11,15,Saturday,-0.34024436652260186473
68,11,15,Sunday,-0.67012218326130093237
246,11,15,Thursday,0.19338151349588192115
79,11,15,Tuesday,-0.61675959525945255378
194,11,15,Wednesday,-0.05887799342194677763
255,11,16,Friday,0.23704181277012150363
73,11,16,Monday,-0.64586646144227894210
208,11,16,Saturday,0.00903802767131479512
139,11,16,Sunday,-0.32569093343118867057
257,11,16,Thursday,0.24674410149773029973
192,11,16,Tuesday,-0.06858028214955557374
194,11,16,Wednesday,-0.05887799342194677763
244,11,17,Friday,0.18367922476827312504
310,11,17,Monday,0.50385475277936339657
254,11,17,Saturday,0.23219066840631710557
107,11,17,Sunday,-0.48092755307292940828
138,11,17,Thursday,-0.33054207779499306863
152,11,17,Tuesday,-0.26262605670173149588
162,11,17,Wednesday,-0.21411461306368751534
219,11,18,Friday,0.06240061567316317370
170,11,18,Monday,-0.17530545815325233092
119,11,18,Saturday,-0.42271382070727663164
223,11,18,Sunday,0.08180519312838076592
93,11,18,Thursday,-0.54884357416619098103
195,11,18,Tuesday,-0.05402684905814237958
177,11,18,Wednesday,-0.14134744760662154454
121,11,19,Friday,-0.41301153197966783553
251,11,19,Monday,0.21763723531490391141
201,11,19,Saturday,-0.02491998287531599126
191,11,19,Sunday,-0.07343142651335997179
101,11,19,Thursday,-0.51003441925575579660
185,11,19,Tuesday,-0.10253829269618636011
120,11,19,Wednesday,-0.41786267634347223359
330,11,20,Friday,0.60087764005545135763
181,11,20,Monday,-0.12194287015140395233
293,11,20,Saturday,0.42138529859468862966
278,11,20,Sunday,0.34861813313762265886
172,11,20,Thursday,-0.16560316942564353481
173,11,20,Tuesday,-0.16075202506183913676
205,11,20,Wednesday,-0.00551540542009839905
176,11,21,Friday,-0.14619859197042594259
189,11,21,Monday,-0.08313371524096876790
311,11,21,Saturday,0.50870589714316779462
288,11,21,Sunday,0.39712957677566663939
122,11,21,Thursday,-0.40816038761586343748
131,11,21,Tuesday,-0.36450008834162385500
188,11,21,Wednesday,-0.08798485960477316595
207,11,22,Friday,0.00418688330751039706
146,11,22,Monday,-0.29173292288455788420
299,11,22,Saturday,0.45049216477751501798
80,11,22,Sunday,-0.61190845089564815572
172,11,22,Thursday,-0.16560316942564353481
169,11,22,Tuesday,-0.18015660251705672897
215,11,22,Wednesday,0.04299603821794558149
201,11,23,Friday,-0.02491998287531599126
163,11,23,Monday,-0.20926346869988311729
256,11,23,Saturday,0.24189295713392590168
96,11,23,Sunday,-0.53429014107477778687
197,11,23,Thursday,-0.04432456033053358347
156,11,23,Tuesday,-0.24322147924651390366
148,11,23,Wednesday,-0.28203063415694908809
147,12,0,Friday,-0.28688177852075348614
166,12,0,Monday,-0.19471003560846992313
234,12,0,Saturday,0.13516778113022914450
290,12,0,Sunday,0.40683186550327543550
155,12,0,Thursday,-0.24807262361031830172
197,12,0,Tuesday,-0.04432456033053358347
177,12,0,Wednesday,-0.14134744760662154454
178,12,1,Friday,-0.13649630324281714649
153,12,1,Monday,-0.25777491233792709782
227,12,1,Saturday,0.10120977058359835813
352,12,1,Sunday,0.70760281605914811481
112,12,1,Thursday,-0.45667183125390741801
93,12,1,Tuesday,-0.54884357416619098103
124,12,1,Wednesday,-0.39845809888825464137
148,12,2,Friday,-0.28203063415694908809
93,12,2,Monday,-0.54884357416619098103
214,12,2,Saturday,0.03814489385414118344
256,12,2,Sunday,0.24189295713392590168
103,12,2,Thursday,-0.50033213052814700050
89,12,2,Tuesday,-0.56824815162140857324
99,12,2,Wednesday,-0.51973670798336459271
59,12,3,Friday,-0.71378248253554051485
20,12,3,Monday,-0.90297711272391203893
39,12,3,Saturday,-0.81080536981162847592
158,12,3,Sunday,-0.23351919051890510756
78,12,3,Thursday,-0.62161073962325695183
21,12,3,Tuesday,-0.89812596836010764088
37,12,3,Wednesday,-0.82050765853923727202
22,12,4,Friday,-0.89327482399630324282
56,12,4,Monday,-0.72833591562695370901
76,12,4,Saturday,-0.63131302835086574794
98,12,4,Sunday,-0.52458785234716899076
36,12,4,Thursday,-0.82535880290304167008
69,12,4,Tuesday,-0.66527103889749653431
19,12,4,Wednesday,-0.90782825708771643698
19,12,5,Friday,-0.90782825708771643698
21,12,5,Monday,-0.89812596836010764088
53,12,5,Saturday,-0.74288934871836690317
89,12,5,Sunday,-0.56824815162140857324
18,12,5,Thursday,-0.91267940145152083504
36,12,5,Tuesday,-0.82535880290304167008
47,12,5,Wednesday,-0.77199621490119329149
19,12,6,Friday,-0.90782825708771643698
75,12,6,Monday,-0.63616417271467014599
39,12,6,Saturday,-0.81080536981162847592
88,12,6,Sunday,-0.57309929598521297130
56,12,6,Thursday,-0.72833591562695370901
6,12,6,Tuesday,-0.97089313381717361168
23,12,6,Wednesday,-0.88842367963249884477
75,12,7,Friday,-0.63616417271467014599
9,12,7,Monday,-0.95633970072576041752
47,12,7,Saturday,-0.77199621490119329149
92,12,7,Sunday,-0.55369471852999537908
25,12,7,Thursday,-0.87872139090489004866
34,12,7,Tuesday,-0.83506109163065046618
59,12,7,Wednesday,-0.71378248253554051485
59,12,8,Friday,-0.71378248253554051485
94,12,8,Monday,-0.54399242980238658298
38,12,8,Saturday,-0.81565651417543287397
8,12,8,Sunday,-0.96119084508956481557
99,12,8,Thursday,-0.51973670798336459271
97,12,8,Tuesday,-0.52943899671097338882
144,12,8,Wednesday,-0.30143521161216668030
73,12,9,Friday,-0.64586646144227894210
105,12,9,Monday,-0.49062984180053820439
60,12,9,Saturday,-0.70893133817173611679
91,12,9,Sunday,-0.55854586289379977714
99,12,9,Thursday,-0.51973670798336459271
97,12,9,Tuesday,-0.52943899671097338882
126,12,9,Wednesday,-0.38875581016064584527
96,12,10,Friday,-0.53429014107477778687
146,12,10,Monday,-0.29173292288455788420
85,12,10,Saturday,-0.58765272907662616546
184,12,10,Sunday,-0.10738943705999075817
54,12,10,Thursday,-0.73803820435456250511
159,12,10,Tuesday,-0.22866804615510070950
85,12,10,Wednesday,-0.58765272907662616546
136,12,11,Friday,-0.34024436652260186473
197,12,11,Monday,-0.04432456033053358347
64,12,11,Saturday,-0.68952676071651852458
56,12,11,Sunday,-0.72833591562695370901
112,12,11,Thursday,-0.45667183125390741801
186,12,11,Tuesday,-0.09768714833238196206
74,12,11,Wednesday,-0.64101531707847454405
144,12,12,Friday,-0.30143521161216668030
126,12,12,Monday,-0.38875581016064584527
116,12,12,Saturday,-0.43726725379868982580
133,12,12,Sunday,-0.35479779961401505889
86,12,12,Thursday,-0.58280158471282176740
174,12,12,Tuesday,-0.15590088069803473870
186,12,12,Wednesday,-0.09768714833238196206
119,12,13,Friday,-0.42271382070727663164
108,12,13,Monday,-0.47607640870912501023
155,12,13,Saturday,-0.24807262361031830172
169,12,13,Sunday,-0.18015660251705672897
139,12,13,Thursday,-0.32569093343118867057
236,12,13,Tuesday,0.14487006985783794061
134,12,13,Wednesday,-0.34994665525021066084
98,12,14,Friday,-0.52458785234716899076
121,12,14,Monday,-0.41301153197966783553
48,12,14,Saturday,-0.76714507053738889343
245,12,14,Sunday,0.18853036913207752309
273,12,14,Thursday,0.32436241131860066859
280,12,14,Tuesday,0.35832042186523145496
161,12,14,Wednesday,-0.21896575742749191340
155,12,15,Friday,-0.24807262361031830172
126,12,15,Monday,-0.38875581016064584527
87,12,15,Saturday,-0.57795044034901736935
64,12,15,Sunday,-0.68952676071651852458
216,12,15,Thursday,0.04784718258174997954
291,12,15,Tuesday,0.41168300986707983355
221,12,15,Wednesday,0.07210290440077196981
142,12,16,Friday,-0.31113750033977547641
274,12,16,Monday,0.32921355568240506664
202,12,16,Saturday,-0.02006883851151159321
179,12,16,Sunday,-0.13164515887901274843
200,12,16,Thursday,-0.02977112723912038931
140,12,16,Tuesday,-0.32083978906738427252
173,12,16,Wednesday,-0.16075202506183913676
172,12,17,Friday,-0.16560316942564353481
189,12,17,Monday,-0.08313371524096876790
160,12,17,Saturday,-0.22381690179129631145
281,12,17,Sunday,0.36317156622903585302
150,12,17,Thursday,-0.27232834542934029198
303,12,17,Tuesday,0.46989674223273261019
128,12,17,Wednesday,-0.37905352143303704916
193,12,18,Friday,-0.06372913778575117569
182,12,18,Monday,-0.11709172578759955427
151,12,18,Saturday,-0.26747720106553589393
234,12,18,Sunday,0.13516778113022914450
149,12,18,Thursday,-0.27717948979314469004
276,12,18,Tuesday,0.33891584441001386275
246,12,18,Wednesday,0.19338151349588192115
135,12,19,Friday,-0.34509551088640626279
158,12,19,Monday,-0.23351919051890510756
211,12,19,Saturday,0.02359146076272798928
138,12,19,Sunday,-0.33054207779499306863
115,12,19,Thursday,-0.44211839816249422385
272,12,19,Tuesday,0.31951126695479627054
90,12,19,Wednesday,-0.56339700725760417519
70,12,20,Friday,-0.66041989453369213626
164,12,20,Monday,-0.20441232433607871924
161,12,20,Saturday,-0.21896575742749191340
208,12,20,Sunday,0.00903802767131479512
195,12,20,Thursday,-0.05402684905814237958
111,12,20,Tuesday,-0.46152297561771181607
156,12,20,Wednesday,-0.24322147924651390366
252,12,21,Friday,0.22248837967870830947
156,12,21,Monday,-0.24322147924651390366
257,12,21,Saturday,0.24674410149773029973
179,12,21,Sunday,-0.13164515887901274843
187,12,21,Thursday,-0.09283600396857756401
233,12,21,Tuesday,0.13031663676642474645
99,12,21,Wednesday,-0.51973670798336459271
231,12,22,Friday,0.12061434803881595034
108,12,22,Monday,-0.47607640870912501023
221,12,22,Saturday,0.07210290440077196981
111,12,22,Sunday,-0.46152297561771181607
199,12,22,Thursday,-0.03462227160292478737
147,12,22,Tuesday,-0.28688177852075348614
162,12,22,Wednesday,-0.21411461306368751534
150,12,23,Friday,-0.27232834542934029198
76,12,23,Monday,-0.63131302835086574794
203,12,23,Saturday,-0.01521769414770719515
168,12,23,Sunday,-0.18500774688086112702
130,12,23,Thursday,-0.36935123270542825305
149,12,23,Tuesday,-0.27717948979314469004
102,12,23,Wednesday,-0.50518327489195139855
